date_time,temperature,humidity,precipitation,rain,snowfall,weather_code,surface_pressure,cloudcover,visibility,evapotranspiration,wind_speed,wind_direction,city_name
"2023-09-27 00:00:00",17.6,61,0,0,0,0,1007.9,1,28900,0,18.5,77,Toronto
"2023-09-27 01:00:00",16.1,66,0,0,0,0,1007.8,0,25400,0,14.2,81,Toronto
"2023-09-27 02:00:00",15.3,70,0,0,0,0,1008.7,2,22800,0,11.4,79,Toronto
"2023-09-27 03:00:00",14.6,72,0,0,0,0,1008.2,0,21600,0,9.5,79,Toronto
"2023-09-27 04:00:00",14.1,76,0,0,0,0,1008.8,1,19500,-0,8.2,75,Toronto
"2023-09-27 05:00:00",13.9,79,0,0,0,3,1008.5,95,18300,-0,7.8,68,Toronto
"2023-09-27 06:00:00",14,80,0,0,0,1,1009,43,17600,-0,7.4,76,Toronto
"2023-09-27 07:00:00",13.3,83,0,0,0,0,1008.6,6,16400,-0,8.2,75,Toronto
"2023-09-27 08:00:00",12.8,87,0,0,0,0,1008.6,2,14900,-0,9.2,45,Toronto
"2023-09-27 09:00:00",12.3,85,0,0,0,3,1008.4,100,15900,-0,9.4,40,Toronto
"2023-09-27 10:00:00",11.9,84,0,0,0,3,1008,93,16000,0,11,49,Toronto
"2023-09-27 11:00:00",11.4,87,0,0,0,3,1007.9,100,15100,0,11,52,Toronto
"2023-09-27 12:00:00",11.2,90,0,0,0,3,1008.1,100,14000,-0,11,52,Toronto
"2023-09-27 13:00:00",11,92,0,0,0,3,1008,100,13200,-0,10.8,53,Toronto
"2023-09-27 14:00:00",11.6,92,0,0,0,3,1008.3,100,13400,0,11.2,57,Toronto
"2023-09-27 15:00:00",13.9,87,0,0,0,3,1009.3,100,15000,0,10.2,72,Toronto
"2023-09-27 16:00:00",15.8,77,0,0,0,3,1009.4,92,19600,0,13,95,Toronto
"2023-09-27 17:00:00",16.5,71,0,0,0,2,1009.4,67,22500,0,16,98,Toronto
"2023-09-27 18:00:00",17.4,60,0,0,0,3,1009.1,100,29500,0,18.4,90,Toronto
"2023-09-27 19:00:00",18.2,51,0,0,0,3,1008.8,100,36000,0,20.5,90,Toronto
"2023-09-27 20:00:00",18.5,46,0,0,0,3,1008.2,100,41200,0,21.2,90,Toronto
"2023-09-27 21:00:00",18.7,41,0,0,0,3,1007.8,100,46400,0,20.9,86,Toronto
"2023-09-27 22:00:00",18.7,38,0,0,0,2,1007.7,59,50600,0,21.3,84,Toronto
"2023-09-27 23:00:00",18.2,41,0,0,0,2,1007.2,56,46600,0,20.7,82,Toronto
"2023-09-27 00:00:00",25.5,24,0,0,0,2,789.3,45,24140,0.21,17.4,22,"Mexico City"
"2023-09-27 01:00:00",24.5,26,0,0,0,2,788.9,52,24140,0.15,17.7,24,"Mexico City"
"2023-09-27 02:00:00",23,30,0,0,0,2,788.7,45,24140,0.11,17.7,27,"Mexico City"
"2023-09-27 03:00:00",20.8,40,0,0,0,1,788.8,31,24140,0.07,16.5,23,"Mexico City"
"2023-09-27 04:00:00",18.8,52,0,0,0,0,789.2,6,24140,0.05,12.4,10,"Mexico City"
"2023-09-27 05:00:00",17.3,62,0,0,0,0,789.7,0,24140,0.03,8.3,326,"Mexico City"
"2023-09-27 06:00:00",16.3,68,0,0,0,1,789.6,7,24140,0.02,6.8,295,"Mexico City"
"2023-09-27 07:00:00",15.5,72,0,0,0,1,789.4,17,24140,0.02,6.2,277,"Mexico City"
"2023-09-27 08:00:00",14.8,77,0,0,0,1,788.8,22,24140,0.01,5.4,262,"Mexico City"
"2023-09-27 09:00:00",14.2,79,0,0,0,1,788.3,17,24140,0.01,4.8,257,"Mexico City"
"2023-09-27 10:00:00",13.7,81,0,0,0,1,787.6,18,24140,0.01,4.2,250,"Mexico City"
"2023-09-27 11:00:00",13.1,82,0,0,0,1,787.1,27,24140,0.01,2.8,230,"Mexico City"
"2023-09-27 12:00:00",12.8,82,0,0,0,1,786.8,37,24140,-0,2.6,214,"Mexico City"
"2023-09-27 13:00:00",12.4,84,0,0,0,2,786.7,54,24140,-0,3.1,201,"Mexico City"
"2023-09-27 14:00:00",12.1,84,0,0,0,2,786.6,58,24140,0.01,3.5,204,"Mexico City"
"2023-09-27 15:00:00",12,84,0,0,0,2,786.9,58,24140,0.01,3.3,193,"Mexico City"
"2023-09-27 16:00:00",13.8,75,0,0,0,2,788.9,67,24140,0.02,2.9,187,"Mexico City"
"2023-09-27 17:00:00",16,65,0,0,0,2,790.4,51,24140,0.07,2.3,342,"Mexico City"
"2023-09-27 18:00:00",17.9,58,0,0,0,1,791.1,33,24140,0.13,3.1,339,"Mexico City"
"2023-09-27 19:00:00",20.2,45,0,0,0,0,791.3,0,24140,0.19,4.7,351,"Mexico City"
"2023-09-27 20:00:00",22.3,37,0,0,0,0,791.1,0,24140,0.26,7,12,"Mexico City"
"2023-09-27 21:00:00",23.8,34,0,0,0,0,790.6,0,24140,0.29,9.1,18,"Mexico City"
"2023-09-27 22:00:00",24.9,32,0,0,0,1,789.9,34,24140,0.28,8.7,5,"Mexico City"
"2023-09-27 23:00:00",25.6,29,0,0,0,2,788.9,45,24140,0.24,9.1,9,"Mexico City"
"2023-09-27 00:00:00",30.5,49,0,0,0,2,924.5,55,24140,0.05,4.9,197,"São Paulo"
"2023-09-27 01:00:00",29,58,0,0,0,1,924.8,38,24140,0.03,3.1,159,"São Paulo"
"2023-09-27 02:00:00",28.1,65,0,0,0,1,925.1,16,24140,0.01,1.8,90,"São Paulo"
"2023-09-27 03:00:00",27.4,66,0,0,0,0,925.3,3,24140,0.01,3.1,21,"São Paulo"
"2023-09-27 04:00:00",26.1,69,0,0,0,1,924.9,41,24140,0.02,4.1,15,"São Paulo"
"2023-09-27 05:00:00",25.4,70,0,0,0,3,924.6,85,24140,0.02,3.2,360,"São Paulo"
"2023-09-27 06:00:00",25.2,69,0,0,0,2,923.8,65,24140,0.02,3.7,11,"São Paulo"
"2023-09-27 07:00:00",24.8,69,0,0,0,2,922.9,67,24140,0.02,3.6,354,"São Paulo"
"2023-09-27 08:00:00",24.7,68,0,0,0,2,922.6,78,24140,0.02,3.6,360,"São Paulo"
"2023-09-27 09:00:00",26.1,61,0.2,0,0,80,923.5,100,24140,0.03,6.6,311,"São Paulo"
"2023-09-27 10:00:00",25.9,63,0,0,0,2,924.1,58,24140,0.03,5,291,"São Paulo"
"2023-09-27 11:00:00",25.5,64,0,0,0,3,924.4,95,24140,0.03,6.4,333,"São Paulo"
"2023-09-27 12:00:00",26.4,60,0,0,0,3,924.9,97,24140,0.05,8.2,322,"São Paulo"
"2023-09-27 13:00:00",27.4,58,0.1,0,0,2,925.2,71,24140,0.1,12,339,"São Paulo"
"2023-09-27 14:00:00",28.2,57,0,0,0,2,925.2,67,24140,0.16,13.7,337,"São Paulo"
"2023-09-27 15:00:00",29.9,52,0,0,0,2,925.3,63,24140,0.21,18.6,328,"São Paulo"
"2023-09-27 16:00:00",32.1,46,0,0,0,2,925.5,46,24140,0.23,19.5,309,"São Paulo"
"2023-09-27 17:00:00",32.7,42,0.5,0,0,80,925.2,37,24140,0.31,21.3,296,"São Paulo"
"2023-09-27 18:00:00",32.5,44,0.3,0,0,80,925,86,24140,0.31,22,281,"São Paulo"
"2023-09-27 19:00:00",32.5,46,0.2,0,0,3,924,100,24140,0.28,18.6,292,"São Paulo"
"2023-09-27 20:00:00",28.3,65,1.9,0,0,80,923.9,100,24140,0.29,13.5,286,"São Paulo"
"2023-09-27 21:00:00",28.7,64,0.4,0,0,80,923.9,100,24140,0.18,7.9,273,"São Paulo"
"2023-09-27 22:00:00",23.8,84,9.2,0,0,96,925.3,100,24140,0.23,16,189,"São Paulo"
"2023-09-27 23:00:00",22.5,90,3.7,0,0,81,925.9,100,23080,0.13,10,159,"São Paulo"
"2023-09-27 00:00:00",13,79,0,0,0,3,1016.6,100,17720,0.04,7.1,165,"Buenos Aires"
"2023-09-27 01:00:00",12.4,84,0,0,0,2,1017.2,80,24140,0.01,3.6,135,"Buenos Aires"
"2023-09-27 02:00:00",11.8,88,0,0,0,3,1018,94,24140,0.01,3.9,202,"Buenos Aires"
"2023-09-27 03:00:00",11.4,90,0,0,0,2,1018.7,80,24140,0.01,4,185,"Buenos Aires"
"2023-09-27 04:00:00",10.9,92,0,0,0,1,1018.6,43,24140,-0,2.2,189,"Buenos Aires"
"2023-09-27 05:00:00",10.3,94,0,0,0,1,1018.2,19,24140,-0,1.5,256,"Buenos Aires"
"2023-09-27 06:00:00",9.2,98,0,0,0,45,1018.4,41,24140,-0,3.3,229,"Buenos Aires"
"2023-09-27 07:00:00",8.6,100,0,0,0,45,1018.4,61,24140,0,2.2,261,"Buenos Aires"
"2023-09-27 08:00:00",8.5,100,0,0,0,45,1018.1,67,24140,0,3.2,243,"Buenos Aires"
"2023-09-27 09:00:00",7.9,100,0,0,0,45,1017.9,98,24140,0,3.1,216,"Buenos Aires"
"2023-09-27 10:00:00",7.5,100,0,0,0,45,1018.2,100,24140,-0,3.8,221,"Buenos Aires"
"2023-09-27 11:00:00",7,100,0,0,0,45,1018.6,100,24140,-0,3.1,225,"Buenos Aires"
"2023-09-27 12:00:00",6.7,100,0,0,0,45,1019.1,100,24140,-0,1.8,217,"Buenos Aires"
"2023-09-27 13:00:00",7.1,100,0,0,0,45,1019.4,96,24140,0.01,1.1,198,"Buenos Aires"
"2023-09-27 14:00:00",9.6,94,0,0,0,45,1019.5,58,24140,0.05,0.5,225,"Buenos Aires"
"2023-09-27 15:00:00",13.2,77,0,0,0,0,1020.1,0,24140,0.13,1.1,288,"Buenos Aires"
"2023-09-27 16:00:00",15.3,66,0,0,0,2,1019.9,60,24140,0.23,2.1,239,"Buenos Aires"
"2023-09-27 17:00:00",16.6,57,0,0,0,2,1019.9,60,24140,0.27,1.8,233,"Buenos Aires"
"2023-09-27 18:00:00",17.6,51,0,0,0,2,1019.4,53,24140,0.3,0.4,270,"Buenos Aires"
"2023-09-27 19:00:00",18.5,47,0,0,0,1,1018.4,29,24140,0.34,2.8,40,"Buenos Aires"
"2023-09-27 20:00:00",18.9,47,0,0,0,1,1017.5,37,24140,0.33,7.1,45,"Buenos Aires"
"2023-09-27 21:00:00",18.4,52,0,0,0,1,1017,38,24140,0.28,13,44,"Buenos Aires"
"2023-09-27 22:00:00",16.9,57,0,0,0,1,1017,19,24140,0.21,14.5,42,"Buenos Aires"
"2023-09-27 23:00:00",15.9,55,0,0,0,0,1017.1,0,24140,0.14,13,44,"Buenos Aires"
"2023-09-27 00:00:00",26.3,75,0,0,0,1,1005.8,33,23640,0.02,6.5,146,"Rio de Janeiro"
"2023-09-27 01:00:00",26.1,76,0.3,0,0,80,1006.8,100,24140,0.02,6.6,135,"Rio de Janeiro"
"2023-09-27 02:00:00",25.8,78,0.4,0,0,80,1007.3,89,24140,0.03,2.9,83,"Rio de Janeiro"
"2023-09-27 03:00:00",25.7,80,0.2,0,0,2,1006.8,63,24140,0.02,2.8,50,"Rio de Janeiro"
"2023-09-27 04:00:00",25.7,81,0,0,0,2,1006.2,69,24140,0.02,2.2,9,"Rio de Janeiro"
"2023-09-27 05:00:00",25.6,81,0,0,0,2,1005.6,76,24140,0.02,2.5,262,"Rio de Janeiro"
"2023-09-27 06:00:00",25.7,81,0,0,0,2,1005,72,24140,0.02,2.7,203,"Rio de Janeiro"
"2023-09-27 07:00:00",25.4,83,0,0,0,2,1004.5,76,24140,0.01,1.9,248,"Rio de Janeiro"
"2023-09-27 08:00:00",25.3,84,0.1,0,0,1,1003.9,42,24140,0.01,3.3,84,"Rio de Janeiro"
"2023-09-27 09:00:00",25.3,84,0,0,0,2,1003.6,46,7680,0.01,2.2,99,"Rio de Janeiro"
"2023-09-27 10:00:00",25.4,84,0,0,0,1,1003.6,40,24140,-0,1.9,158,"Rio de Janeiro"
"2023-09-27 11:00:00",25.7,82,0,0,0,2,1003.6,71,24140,-0,0.7,360,"Rio de Janeiro"
"2023-09-27 12:00:00",26.5,80,0,0,0,1,1003.4,33,24140,0.01,1.5,256,"Rio de Janeiro"
"2023-09-27 13:00:00",30.1,64,0,0,0,0,1003.6,0,24140,0.07,2.5,315,"Rio de Janeiro"
"2023-09-27 14:00:00",34.3,47,0,0,0,3,1003.6,100,24140,0.15,6.9,242,"Rio de Janeiro"
"2023-09-27 15:00:00",35.7,45,0,0,0,3,1003.8,100,24140,0.2,12.4,234,"Rio de Janeiro"
"2023-09-27 16:00:00",37.2,42,0,0,0,3,1003.5,100,24140,0.22,7.1,246,"Rio de Janeiro"
"2023-09-27 17:00:00",39.1,37,0,0,0,3,1002.9,87,24140,0.24,4.7,261,"Rio de Janeiro"
"2023-09-27 18:00:00",39.6,34,0.1,0,0,3,1002.2,100,24140,0.22,4.6,288,"Rio de Janeiro"
"2023-09-27 19:00:00",39.5,33,0,0,0,3,1001.5,100,22640,0.18,3.9,34,"Rio de Janeiro"
"2023-09-27 20:00:00",36.5,45,0.6,0,0,80,1002.8,100,23100,0.22,9.9,199,"Rio de Janeiro"
"2023-09-27 21:00:00",35.1,50,0.1,0,0,3,1002.5,100,20260,0.14,4.3,114,"Rio de Janeiro"
"2023-09-27 22:00:00",32,63,0.7,0,0,80,1004.7,100,6160,0.12,11.7,198,"Rio de Janeiro"
"2023-09-27 23:00:00",30.8,67,0.3,0,0,80,1005.4,100,24140,0.09,7.4,231,"Rio de Janeiro"
"2023-09-27 00:00:00",16.6,81,0,0,0,3,757.2,100,15160,0.09,5.2,286,Bogotá
"2023-09-27 01:00:00",15.8,87,0,0,0,3,756.9,100,23660,0.04,3.1,315,Bogotá
"2023-09-27 02:00:00",14.8,96,0,0,0,45,757,100,24140,0.01,3.4,18,Bogotá
"2023-09-27 03:00:00",14.4,99,0.1,0,0,45,757.3,100,15100,-0,2.5,45,Bogotá
"2023-09-27 04:00:00",14.1,98,0.3,0,0,80,757.5,100,24140,-0,1.1,90,Bogotá
"2023-09-27 05:00:00",13.9,99,0.1,0,0,45,757.7,98,24140,-0,1.8,360,Bogotá
"2023-09-27 06:00:00",13.7,98,0,0,0,45,757.5,86,14700,-0,1.5,76,Bogotá
"2023-09-27 07:00:00",13.5,96,0,0,0,45,757,77,24140,-0,3.4,122,Bogotá
"2023-09-27 08:00:00",13.4,93,0,0,0,2,756,52,24140,-0,3.9,124,Bogotá
"2023-09-27 09:00:00",13.1,91,0,0,0,2,755.5,49,24140,0.01,4.3,132,Bogotá
"2023-09-27 10:00:00",12.7,91,0,0,0,2,754.8,45,24140,0.01,4.9,126,Bogotá
"2023-09-27 11:00:00",12.2,92,0,0,0,1,754.6,41,24140,0.01,6.1,130,Bogotá
"2023-09-27 12:00:00",11.9,93,0,0,0,1,754.7,39,15300,0.01,6.1,135,Bogotá
"2023-09-27 13:00:00",11.7,92,0,0,0,1,755.2,39,24140,0.01,5.4,138,Bogotá
"2023-09-27 14:00:00",12.8,89,0,0,0,3,756.6,89,24140,0.03,5.1,129,Bogotá
"2023-09-27 15:00:00",15.3,82,0,0,0,2,758.9,58,24140,0.11,2,135,Bogotá
"2023-09-27 16:00:00",17.3,69,0,0,0,3,760.2,88,24140,0.28,1.1,288,Bogotá
"2023-09-27 17:00:00",18.5,61,0,0,0,2,760.7,63,24140,0.35,1.3,326,Bogotá
"2023-09-27 18:00:00",19.6,58,0,0,0,2,760.6,77,15120,0.37,3.9,304,Bogotá
"2023-09-27 19:00:00",20.1,57,0,0,0,3,759.8,84,23460,0.4,7.2,307,Bogotá
"2023-09-27 20:00:00",19.1,69,0,0,0,3,758.4,100,16700,0.32,12.1,297,Bogotá
"2023-09-27 21:00:00",17.8,77,0,0,0,3,757,100,16000,0.25,14,296,Bogotá
"2023-09-27 22:00:00",17.5,80,0.2,0,0,3,756.6,100,15740,0.17,10.5,292,Bogotá
"2023-09-27 23:00:00",16.7,85,0.7,0,0,80,756.1,100,16140,0.14,6.6,311,Bogotá
"2023-09-27 00:00:00",20.4,70,0,0,0,2,995.5,50,24140,0.03,8.7,197,Lima
"2023-09-27 01:00:00",19.5,75,0,0,0,2,995.6,53,24140,0.01,8,190,Lima
"2023-09-27 02:00:00",18.9,79,0,0,0,2,996.2,56,24140,0.01,6.6,202,Lima
"2023-09-27 03:00:00",18.1,84,0,0,0,2,996.6,48,24140,0.01,6,197,Lima
"2023-09-27 04:00:00",17.6,88,0,0,0,2,996.8,61,24140,-0,5.4,188,Lima
"2023-09-27 05:00:00",17.5,88,0,0,0,2,997.1,75,24140,-0,4.3,185,Lima
"2023-09-27 06:00:00",17.3,89,0,0,0,3,996.9,88,24140,-0,3.3,193,Lima
"2023-09-27 07:00:00",17.2,90,0,0,0,3,996.4,89,24140,-0,2.8,220,Lima
"2023-09-27 08:00:00",16.9,92,0,0,0,45,996,90,24140,-0,2.1,239,Lima
"2023-09-27 09:00:00",16.7,94,0,0,0,45,995.8,92,24140,-0,1.8,281,Lima
"2023-09-27 10:00:00",16.6,94,0,0,0,45,995.8,94,24140,-0,2.8,310,Lima
"2023-09-27 11:00:00",16.6,94,0,0,0,45,995.8,96,24140,-0,3.1,315,Lima
"2023-09-27 12:00:00",16.7,93,0,0,0,45,996.5,97,24140,-0,2.3,309,Lima
"2023-09-27 13:00:00",16.9,92,0,0,0,3,997.4,98,24140,-0,1.9,292,Lima
"2023-09-27 14:00:00",17.3,90,0,0,0,3,998.3,96,24140,-0,2.2,279,Lima
"2023-09-27 15:00:00",18.2,86,0,0,0,3,998.9,91,24140,0.01,2.5,278,Lima
"2023-09-27 16:00:00",19.6,79,0,0,0,3,999,90,24140,0.02,4.2,250,Lima
"2023-09-27 17:00:00",21,72,0,0,0,3,998.9,90,24140,0.03,7.1,240,Lima
"2023-09-27 18:00:00",22.1,67,0,0,0,3,998.6,89,19500,0.05,10.1,235,Lima
"2023-09-27 19:00:00",22.7,64,0,0,0,2,997.8,62,19360,0.07,12.1,233,Lima
"2023-09-27 20:00:00",22.9,64,0,0,0,1,997,38,4820,0.07,13,228,Lima
"2023-09-27 21:00:00",22.9,64,0,0,0,2,996.2,45,6880,0.06,12,221,Lima
"2023-09-27 22:00:00",22.5,65,0,0,0,1,995.7,44,10340,0.05,11.9,215,Lima
"2023-09-27 23:00:00",21.7,68,0,0,0,2,995.6,58,24140,0.04,10.8,210,Lima
"2023-09-27 00:00:00",16.2,88,0,0,0,3,1018.2,100,24140,0.01,7.6,225,London
"2023-09-27 01:00:00",15.7,91,0,0,0,3,1017.5,100,24140,0.01,7.4,223,London
"2023-09-27 02:00:00",15.4,92,0,0,0,3,1017.6,100,24140,0.01,7.1,229,London
"2023-09-27 03:00:00",14.9,93,0,0,0,3,1018,100,24140,0.01,6.1,225,London
"2023-09-27 04:00:00",14.4,94,0,0,0,3,1017.7,100,24140,0.01,5.4,217,London
"2023-09-27 05:00:00",14.1,94,0,0,0,3,1017.2,100,24140,0.01,2.9,187,London
"2023-09-27 06:00:00",14.1,92,0,0,0,3,1017.2,100,24140,-0,1.1,180,London
"2023-09-27 07:00:00",13.8,93,0,0,0,3,1017.1,100,24140,-0,3.8,131,London
"2023-09-27 08:00:00",13.7,95,0,0,0,3,1017.1,99,24140,-0,3.3,103,London
"2023-09-27 09:00:00",13.9,94,0,0,0,3,1016.5,96,24140,-0,5.1,98,London
"2023-09-27 10:00:00",15.3,88,0,0,0,3,1016.2,90,24140,0.01,6.1,93,London
"2023-09-27 11:00:00",17.1,82,0,0,0,3,1016.2,91,24140,0.02,5.3,118,London
"2023-09-27 12:00:00",19.6,71,0,0,0,3,1015.1,91,24140,0.04,13.6,140,London
"2023-09-27 13:00:00",21.3,60,0,0,0,3,1014,100,24140,0.07,19.8,164,London
"2023-09-27 14:00:00",21.2,62,0,0,0,3,1013.1,100,24140,0.07,17.5,166,London
"2023-09-27 15:00:00",21.2,66,0,0,0,3,1011.8,100,24140,0.06,15.9,162,London
"2023-09-27 16:00:00",21.3,68,0,0,0,3,1011.1,100,24140,0.05,15,170,London
"2023-09-27 17:00:00",21.1,68,0,0,0,3,1009.7,100,24140,0.05,16.6,167,London
"2023-09-27 18:00:00",20.7,71,0,0,0,3,1008.7,100,24140,0.04,14.8,167,London
"2023-09-27 19:00:00",20.4,75,0,0,0,3,1008.3,100,24140,0.03,16.3,174,London
"2023-09-27 20:00:00",20.2,76,0,0,0,3,1008.2,100,24140,0.02,16.8,190,London
"2023-09-27 21:00:00",19.9,72,0,0,0,3,1008.2,97,24140,0.02,18.8,209,London
"2023-09-27 22:00:00",19.1,73,0,0,0,2,1008.4,72,24140,0.03,19.7,218,London
"2023-09-27 23:00:00",17.8,70,0,0,0,2,1009.4,59,24140,0.03,21,231,London
"2023-09-27 00:00:00",17.7,76,0,0,0,0,1015.1,0,24140,-0,3.2,270,Paris
"2023-09-27 01:00:00",16.4,81,0,0,0,0,1015.6,0,24140,-0,4.1,285,Paris
"2023-09-27 02:00:00",15.8,84,0,0,0,0,1015.7,0,24140,-0,4.2,301,Paris
"2023-09-27 03:00:00",15.1,89,0,0,0,1,1015.8,5,24140,-0,3.3,311,Paris
"2023-09-27 04:00:00",14.5,91,0,0,0,0,1015.3,0,24140,-0,2.5,315,Paris
"2023-09-27 05:00:00",14,93,0,0,0,3,1015.3,100,24140,-0,3.2,297,Paris
"2023-09-27 06:00:00",13.9,94,0,0,0,3,1015.2,100,24140,-0,2.6,304,Paris
"2023-09-27 07:00:00",13.7,94,0,0,0,3,1015.2,100,24140,-0,1.4,360,Paris
"2023-09-27 08:00:00",12.9,98,0,0,0,45,1015.1,100,24140,-0,3.1,135,Paris
"2023-09-27 09:00:00",13,98,0,0,0,45,1014.6,99,24140,0,3.3,131,Paris
"2023-09-27 10:00:00",14.6,90,0,0,0,3,1014.6,100,24140,0.02,4.1,128,Paris
"2023-09-27 11:00:00",17.1,80,0,0,0,3,1014.5,100,24140,0.04,5.6,135,Paris
"2023-09-27 12:00:00",19.8,70,0,0,0,3,1014.1,100,24140,0.09,6.7,144,Paris
"2023-09-27 13:00:00",22,64,0,0,0,3,1013.2,100,24140,0.12,6.7,144,Paris
"2023-09-27 14:00:00",24.6,52,0,0,0,3,1012.3,100,24140,0.15,8.7,156,Paris
"2023-09-27 15:00:00",26,46,0,0,0,2,1011.3,71,24140,0.18,10.3,155,Paris
"2023-09-27 16:00:00",26.5,48,0,0,0,3,1010.6,97,24140,0.19,11.8,160,Paris
"2023-09-27 17:00:00",26.2,49,0,0,0,3,1009.8,100,24140,0.15,11.7,162,Paris
"2023-09-27 18:00:00",25.7,54,0,0,0,3,1009.8,100,24140,0.1,7.9,156,Paris
"2023-09-27 19:00:00",24.8,57,0,0,0,3,1009.9,100,24140,0.06,7.1,165,Paris
"2023-09-27 20:00:00",23.5,63,0,0,0,3,1009.7,100,24140,0.03,4.8,167,Paris
"2023-09-27 21:00:00",22.6,64,0,0,0,2,1009.7,61,24140,0.02,4.5,151,Paris
"2023-09-27 22:00:00",21.8,65,0,0,0,2,1009.7,67,24140,0.02,4.2,160,Paris
"2023-09-27 23:00:00",21.5,64,0,0,0,3,1010,100,24140,0.01,3.1,234,Paris
"2023-09-27 00:00:00",16.3,93,0,0,0,0,1016.7,0,24140,-0,5.5,122,Berlin
"2023-09-27 01:00:00",15.8,94,0,0,0,0,1016.6,0,24140,0,4.8,138,Berlin
"2023-09-27 02:00:00",15.3,95,0,0,0,0,1016.8,0,24140,0,3.2,180,Berlin
"2023-09-27 03:00:00",15,95,0,0,0,2,1016.8,73,24140,-0,2.2,171,Berlin
"2023-09-27 04:00:00",14.7,95,0,0,0,3,1016.8,100,24140,-0,1.4,180,Berlin
"2023-09-27 05:00:00",13.8,98,0,0,0,45,1016.6,100,24140,0,3.1,135,Berlin
"2023-09-27 06:00:00",13.1,99,0,0,0,45,1016.7,100,24140,0,3.6,127,Berlin
"2023-09-27 07:00:00",13,99,0,0,0,45,1017.5,100,24140,0,1.9,202,Berlin
"2023-09-27 08:00:00",13.1,99,0,0,0,45,1017.9,100,24140,-0,3.4,288,Berlin
"2023-09-27 09:00:00",14.3,95,0,0,0,45,1018.1,84,24140,-0,1,135,Berlin
"2023-09-27 10:00:00",16.5,88,0,0,0,1,1018.2,1,24140,0.03,1.5,166,Berlin
"2023-09-27 11:00:00",19.5,77,0,0,0,0,1018.2,0,24140,0.07,5.6,135,Berlin
"2023-09-27 12:00:00",21.7,69,0,0,0,0,1017.6,0,24140,0.11,6.5,146,Berlin
"2023-09-27 13:00:00",23.6,62,0,0,0,3,1017.4,100,24140,0.14,3.9,158,Berlin
"2023-09-27 14:00:00",24.6,56,0,0,0,2,1016.9,100,24140,0.15,1.3,124,Berlin
"2023-09-27 15:00:00",25.3,52,0,0,0,0,1016.3,0,24140,0.16,1.9,68,Berlin
"2023-09-27 16:00:00",25.7,51,0,0,0,0,1015.8,0,24140,0.15,3.3,49,Berlin
"2023-09-27 17:00:00",25.2,54,0,0,0,1,1015.4,17,24140,0.13,7.6,25,Berlin
"2023-09-27 18:00:00",24.3,60,0,0,0,3,1015,100,24140,0.08,6.3,59,Berlin
"2023-09-27 19:00:00",22.5,70,0,0,0,3,1015,100,24140,0.03,4.8,63,Berlin
"2023-09-27 20:00:00",20.9,77,0,0,0,3,1014.8,100,24140,0.01,5.5,79,Berlin
"2023-09-27 21:00:00",20.2,78,0,0,0,3,1014.6,100,24140,0.01,7.2,96,Berlin
"2023-09-27 22:00:00",19.4,83,0,0,0,3,1014.2,100,24140,0.01,9.2,111,Berlin
"2023-09-27 23:00:00",18.6,84,0,0,0,3,1013.8,100,24140,0.01,9.7,121,Berlin
"2023-09-27 00:00:00",23.8,55,0,0,0,0,1011,0,24140,0.01,8,27,Rome
"2023-09-27 01:00:00",22.8,57,0,0,0,0,1011,0,24140,0.01,9.9,19,Rome
"2023-09-27 02:00:00",22,60,0,0,0,0,1011,0,24140,0.01,8.7,30,Rome
"2023-09-27 03:00:00",21.3,62,0,0,0,0,1010.8,0,24140,0.01,8.3,34,Rome
"2023-09-27 04:00:00",20.7,64,0,0,0,0,1010.6,0,24140,0.01,8.1,32,Rome
"2023-09-27 05:00:00",20.5,63,0,0,0,0,1010.6,0,24140,-0,7.9,24,Rome
"2023-09-27 06:00:00",19.9,64,0,0,0,0,1010.7,0,24140,-0,7.6,25,Rome
"2023-09-27 07:00:00",19.5,65,0,0,0,0,1010.9,0,24140,-0,7.7,28,Rome
"2023-09-27 08:00:00",20.4,63,0,0,0,0,1011.2,0,24140,0.01,7,35,Rome
"2023-09-27 09:00:00",21.8,57,0,0,0,0,1011.5,0,24140,0.02,7.6,31,Rome
"2023-09-27 10:00:00",23.4,52,0,0,0,0,1011.7,0,24140,0.06,8.2,29,Rome
"2023-09-27 11:00:00",25.4,46,0,0,0,0,1011.7,0,24140,0.12,8.7,30,Rome
"2023-09-27 12:00:00",27.2,40,0,0,0,0,1011.5,0,24140,0.16,8.6,15,Rome
"2023-09-27 13:00:00",28.9,36,0,0,0,0,1011.1,0,24140,0.18,8.8,9,Rome
"2023-09-27 14:00:00",30.1,32,0,0,0,0,1010.5,0,24140,0.2,8.6,360,Rome
"2023-09-27 15:00:00",31,28,0,0,0,0,1009.9,0,24140,0.19,8,352,Rome
"2023-09-27 16:00:00",31.3,28,0,0,0,0,1009.4,0,24140,0.17,8,350,Rome
"2023-09-27 17:00:00",30.4,36,0,0,0,0,1009.3,1,24140,0.14,10.5,274,Rome
"2023-09-27 18:00:00",28.5,49,0,0,0,0,1009.3,1,24140,0.11,11.6,277,Rome
"2023-09-27 19:00:00",28.2,47,0,0,0,0,1009.4,2,24140,0.05,7.6,289,Rome
"2023-09-27 20:00:00",27.7,37,0,0,0,0,1009.6,2,24140,0.03,9.3,332,Rome
"2023-09-27 21:00:00",26.6,37,0,0,0,0,1010.1,2,24140,0.01,9.6,340,Rome
"2023-09-27 22:00:00",25.2,41,0,0,0,0,1010.4,3,24140,0.01,9.5,349,Rome
"2023-09-27 23:00:00",24.1,45,0,0,0,0,1010.6,5,24140,-0,9.3,347,Rome
"2023-09-27 00:00:00",23.9,44,0,0,0,0,945,0,24140,-0,4.1,15,Madrid
"2023-09-27 01:00:00",23,46,0,0,0,0,944.8,0,24140,-0,3.7,61,Madrid
"2023-09-27 02:00:00",22.6,46,0,0,0,0,944.5,0,24140,0.01,6.1,45,Madrid
"2023-09-27 03:00:00",21.4,50,0,0,0,0,944.1,0,24140,0.01,9.7,63,Madrid
"2023-09-27 04:00:00",20.2,51,0,0,0,0,943.9,0,24140,0.01,7.6,71,Madrid
"2023-09-27 05:00:00",20,49,0,0,0,0,943.8,0,24140,0.01,6.6,81,Madrid
"2023-09-27 06:00:00",19.1,53,0,0,0,0,943.9,0,24140,0.01,8.3,72,Madrid
"2023-09-27 07:00:00",19,54,0,0,0,0,944.2,0,24140,0.01,8.7,52,Madrid
"2023-09-27 08:00:00",18.6,58,0,0,0,0,944.5,7,24140,0.01,9.9,46,Madrid
"2023-09-27 09:00:00",19.9,50,0,0,0,2,945.1,50,24140,0.01,8.7,45,Madrid
"2023-09-27 10:00:00",20.9,47,0,0,0,3,945.7,99,24140,0.02,8.4,59,Madrid
"2023-09-27 11:00:00",21.8,48,0,0,0,0,946.2,2,24140,0.06,8.7,66,Madrid
"2023-09-27 12:00:00",23.5,47,0,0,0,0,946.6,0,24140,0.1,5.5,79,Madrid
"2023-09-27 13:00:00",25.3,42,0,0,0,0,946.5,0,24140,0.13,5.8,112,Madrid
"2023-09-27 14:00:00",26.7,39,0,0,0,0,946.1,0,24140,0.15,7.6,135,Madrid
"2023-09-27 15:00:00",28,36,0,0,0,0,945.5,0,24140,0.18,5.1,141,Madrid
"2023-09-27 16:00:00",28.9,32,0,0,0,0,945.1,3,24140,0.18,6.2,201,Madrid
"2023-09-27 17:00:00",29.2,29,0,0,0,3,944.6,100,24140,0.17,7.7,233,Madrid
"2023-09-27 18:00:00",29,30,0,0,0,3,944.4,100,24140,0.15,5.7,252,Madrid
"2023-09-27 19:00:00",28.6,30,0,0,0,0,944.3,15,24140,0.12,6.5,251,Madrid
"2023-09-27 20:00:00",27.7,30,0,0,0,1,944.2,41,24140,0.06,8.4,260,Madrid
"2023-09-27 21:00:00",26.3,34,0,0,0,0,944.2,0,24140,0.02,5,300,Madrid
"2023-09-27 22:00:00",25.3,37,0,0,0,0,944.3,0,24140,0.01,5.8,330,Madrid
"2023-09-27 23:00:00",24.6,41,0,0,0,0,944.4,0,24140,0.01,6.8,342,Madrid
"2023-09-27 00:00:00",16.9,85,0,0,0,2,1011.7,67,24140,0.03,3.1,315,Sydney
"2023-09-27 01:00:00",19,68,0,0,0,2,1011.7,76,24140,0.07,4.7,337,Sydney
"2023-09-27 02:00:00",20.9,57,0,0,0,3,1011.6,93,24140,0.09,4.5,331,Sydney
"2023-09-27 03:00:00",22.8,49,0,0,0,2,1011.1,63,24140,0.11,2.9,240,Sydney
"2023-09-27 04:00:00",24.1,45,0,0,0,2,1010.4,71,24140,0.12,5.6,140,Sydney
"2023-09-27 05:00:00",24.2,47,0,0,0,2,1009.7,76,24140,0.13,11.9,115,Sydney
"2023-09-27 06:00:00",22.1,56,0,0,0,3,1009.4,100,24140,0.09,15.4,111,Sydney
"2023-09-27 07:00:00",21,57,0,0,0,3,1009.4,100,24140,0.06,14.3,100,Sydney
"2023-09-27 08:00:00",20.3,63,0,0,0,3,1009.8,100,24140,0.05,14.5,109,Sydney
"2023-09-27 09:00:00",19.2,70,0,0,0,3,1010.8,100,24140,0.03,11.7,108,Sydney
"2023-09-27 10:00:00",18.3,76,0,0,0,3,1011.8,100,24140,0.01,8,98,Sydney
"2023-09-27 11:00:00",18,77,0.1,0,0,3,1012.8,100,24140,0.01,4.6,72,Sydney
"2023-09-27 12:00:00",17.7,79,0,0,0,3,1013.6,100,24140,0.01,2.2,90,Sydney
"2023-09-27 13:00:00",17.5,82,0,0,0,3,1014.1,100,24040,-0,1.1,162,Sydney
"2023-09-27 14:00:00",16.6,87,0.5,0,0,80,1015,100,24140,0.01,2.5,172,Sydney
"2023-09-27 15:00:00",16.2,89,0.4,0,0,80,1015,89,24140,0.01,2.2,180,Sydney
"2023-09-27 16:00:00",16,90,0.6,0,0,80,1015.1,92,24140,0.01,3.2,180,Sydney
"2023-09-27 17:00:00",15.8,92,0.5,0,0,80,1015,92,24140,0.01,3.1,201,Sydney
"2023-09-27 18:00:00",15.5,93,0.2,0,0,80,1015.3,97,24140,0.01,3.4,212,Sydney
"2023-09-27 19:00:00",15.3,94,0.2,0,0,3,1015.3,91,24140,0.01,3.1,216,Sydney
"2023-09-27 20:00:00",15.2,94,0.2,0,0,3,1015.9,86,24140,0.01,3.3,221,Sydney
"2023-09-27 21:00:00",15,95,0.3,0,0,80,1016.8,80,23580,0.01,3.1,225,Sydney
"2023-09-27 22:00:00",14.8,96,0.2,0,0,3,1017.7,88,24140,-0,4.2,211,Sydney
"2023-09-27 23:00:00",15.2,94,0.3,0,0,80,1018.7,93,24140,0.01,3.4,198,Sydney
"2023-09-27 00:00:00",10.1,73,0,0,0,3,1021.1,100,24140,0.02,7.2,264,Melbourne
"2023-09-27 01:00:00",11.7,65,0,0,0,2,1021.7,68,24140,0.03,8.3,252,Melbourne
"2023-09-27 02:00:00",13.9,61,0,0,0,3,1022.1,90,24140,0.06,8.9,220,Melbourne
"2023-09-27 03:00:00",15.3,61,0,0,0,2,1021.9,50,24140,0.09,10.9,197,Melbourne
"2023-09-27 04:00:00",16.2,60,0,0,0,2,1022.1,59,24140,0.1,13.3,199,Melbourne
"2023-09-27 05:00:00",16.6,57,0,0,0,2,1021.6,49,24140,0.11,14.6,196,Melbourne
"2023-09-27 06:00:00",16.8,58,0,0,0,1,1021.6,38,24140,0.11,16.5,191,Melbourne
"2023-09-27 07:00:00",16.1,64,0,0,0,1,1021.9,43,24140,0.1,19.2,186,Melbourne
"2023-09-27 08:00:00",14.8,68,0,0,0,2,1022.8,64,24140,0.07,20.2,184,Melbourne
"2023-09-27 09:00:00",13.9,65,0,0,0,1,1023.3,41,24140,0.05,16.6,180,Melbourne
"2023-09-27 10:00:00",13.1,65,0,0,0,1,1024.2,20,24140,0.04,13.7,183,Melbourne
"2023-09-27 11:00:00",12.3,70,0,0,0,1,1025,23,24140,0.02,11.2,182,Melbourne
"2023-09-27 12:00:00",11.8,77,0,0,0,1,1025.7,24,24140,0.01,7.3,171,Melbourne
"2023-09-27 13:00:00",11.5,80,0,0,0,1,1025.9,24,24140,0.01,5.2,168,Melbourne
"2023-09-27 14:00:00",11.2,84,0,0,0,1,1026.1,38,24140,-0,3.3,174,Melbourne
"2023-09-27 15:00:00",11.1,86,0,0,0,2,1026.1,57,24140,-0,1.9,248,Melbourne
"2023-09-27 16:00:00",10.3,90,0,0,0,2,1026.3,61,24140,-0,3.9,292,Melbourne
"2023-09-27 17:00:00",9.9,89,0,0,0,1,1026.1,43,24140,-0,4,297,Melbourne
"2023-09-27 18:00:00",9.5,88,0,0,0,1,1026.1,8,24140,-0,4.1,308,Melbourne
"2023-09-27 19:00:00",8.8,90,0,0,0,1,1025.7,33,24140,-0,3.8,319,Melbourne
"2023-09-27 20:00:00",8.2,92,0,0,0,1,1025.8,39,24140,-0,3.9,326,Melbourne
"2023-09-27 21:00:00",7.9,93,0,0,0,2,1026.2,50,24140,-0,4,333,Melbourne
"2023-09-27 22:00:00",7.8,93,0,0,0,2,1026.8,51,24140,-0,4.2,340,Melbourne
"2023-09-27 23:00:00",8.3,90,0,0,0,1,1027.1,39,24140,-0,4.4,351,Melbourne
"2023-09-27 00:00:00",19,59,0,0,0,0,1019.3,0,24140,0.02,2.6,254,Brisbane
"2023-09-27 01:00:00",22.4,48,0,0,0,0,1019.1,0,24140,0.05,6.7,286,Brisbane
"2023-09-27 02:00:00",25.5,39,0,0,0,0,1018.8,0,24140,0.07,8.4,280,Brisbane
"2023-09-27 03:00:00",27.7,31,0,0,0,0,1017.9,0,24140,0.1,9.7,270,Brisbane
"2023-09-27 04:00:00",29.3,25,0,0,0,0,1016.5,0,24140,0.11,9.7,266,Brisbane
"2023-09-27 05:00:00",30.5,22,0,0,0,0,1014.9,0,24140,0.1,8.8,261,Brisbane
"2023-09-27 06:00:00",31.3,20,0,0,0,0,1013.9,0,24140,0.09,4.3,265,Brisbane
"2023-09-27 07:00:00",31.2,22,0,0,0,0,1013.8,0,24140,0.07,5.6,45,Brisbane
"2023-09-27 08:00:00",28.5,39,0,0,0,0,1013.9,0,24140,0.05,13.2,43,Brisbane
"2023-09-27 09:00:00",25.6,51,0,0,0,0,1014.6,0,24140,0.03,13.2,29,Brisbane
"2023-09-27 10:00:00",23.3,60,0,0,0,0,1015.1,0,24140,0.01,12.5,18,Brisbane
"2023-09-27 11:00:00",22,63,0,0,0,1,1015.6,29,24140,-0,10.8,15,Brisbane
"2023-09-27 12:00:00",21.3,66,0,0,0,1,1016.2,17,24140,-0,8.3,18,Brisbane
"2023-09-27 13:00:00",20.7,68,0,0,0,0,1016.5,0,24140,-0,7.1,24,Brisbane
"2023-09-27 14:00:00",20,71,0,0,0,0,1016.7,0,24140,-0,6,25,Brisbane
"2023-09-27 15:00:00",19.5,74,0,0,0,0,1016.5,0,24140,-0,5.2,16,Brisbane
"2023-09-27 16:00:00",18.8,77,0,0,0,1,1016.2,23,24140,-0,3.6,360,Brisbane
"2023-09-27 17:00:00",18.1,80,0,0,0,1,1015.9,42,24140,-0,2.5,352,Brisbane
"2023-09-27 18:00:00",17.4,82,0,0,0,1,1016.2,20,24140,-0,3.1,225,Brisbane
"2023-09-27 19:00:00",17,85,0,0,0,1,1016.4,9,24140,-0,3.3,186,Brisbane
"2023-09-27 20:00:00",16.8,87,0,0,0,1,1017.3,18,24140,-0,2,225,Brisbane
"2023-09-27 21:00:00",16.5,88,0,0,0,1,1018.2,11,24140,-0,3.6,217,Brisbane
"2023-09-27 22:00:00",16.4,87,0,0,0,3,1019.1,92,24140,-0,2.9,263,Brisbane
"2023-09-27 23:00:00",17.9,77,0,0,0,2,1020,54,24140,-0,2.9,277,Brisbane
"2023-09-27 00:00:00",15.3,63,0,0,0,0,1018.9,0,24140,0.04,9.4,94,Perth
"2023-09-27 01:00:00",17,59,0,0,0,0,1019.1,0,24140,0.05,11.2,90,Perth
"2023-09-27 02:00:00",20.1,52,0,0,0,0,1019.3,0,24140,0.1,13.5,81,Perth
"2023-09-27 03:00:00",22.5,47,0,0,0,0,1019.4,0,24140,0.17,16.6,72,Perth
"2023-09-27 04:00:00",25,45,0,0,0,0,1018.8,0,24140,0.22,16.3,72,Perth
"2023-09-27 05:00:00",27.7,40,0,0,0,0,1017.5,0,24140,0.26,16.8,62,Perth
"2023-09-27 06:00:00",30.2,37,0,0,0,0,1016.3,0,24140,0.27,15.5,54,Perth
"2023-09-27 07:00:00",32,33,0,0,0,0,1014.9,0,24140,0.28,13.5,44,Perth
"2023-09-27 08:00:00",33.1,30,0,0,0,0,1013.5,0,24140,0.27,12.3,32,Perth
"2023-09-27 09:00:00",33.8,28,0,0,0,1,1012.9,13,24140,0.24,10.8,15,Perth
"2023-09-27 10:00:00",34,26,0,0,0,0,1012.5,5,24140,0.21,8.9,339,Perth
"2023-09-27 11:00:00",32.1,34,0,0,0,0,1013.1,0,24140,0.17,9.4,272,Perth
"2023-09-27 12:00:00",27.9,50,0,0,0,0,1013.6,0,24140,0.09,7.9,240,Perth
"2023-09-27 13:00:00",24.5,63,0,0,0,0,1014.6,0,24140,0.04,4.2,200,Perth
"2023-09-27 14:00:00",22.3,70,0,0,0,0,1014.9,4,24140,0.03,4.8,153,Perth
"2023-09-27 15:00:00",20.8,76,0,0,0,1,1014.5,22,24140,0.02,4.2,160,Perth
"2023-09-27 16:00:00",19.8,80,0,0,0,3,1014.2,99,24140,0.01,3.8,163,Perth
"2023-09-27 17:00:00",19.7,81,0,0,0,2,1014.2,75,24140,0.01,3.2,153,Perth
"2023-09-27 18:00:00",19.6,81,0.1,0,0,2,1014.2,77,24140,0.01,3.9,112,Perth
"2023-09-27 19:00:00",18.6,86,0,0,0,2,1013.8,79,24140,0.01,2.6,146,Perth
"2023-09-27 20:00:00",18.5,87,0,0,0,3,1013.8,100,24140,0.01,3.9,202,Perth
"2023-09-27 21:00:00",18.6,85,0,0,0,2,1013.9,75,24140,0.01,5.2,295,Perth
"2023-09-27 22:00:00",18.4,87,0,0,0,2,1014,51,24140,-0,3.9,202,Perth
"2023-09-27 23:00:00",17.7,88,0,0,0,2,1014.1,53,24140,-0,5.1,176,Perth
"2023-09-27 00:00:00",12.3,73,0,0,0,1,1019.9,42,24140,0.02,7.6,172,Adelaide
"2023-09-27 01:00:00",14,65,0,0,0,2,1020.9,48,24140,0.05,12.1,168,Adelaide
"2023-09-27 02:00:00",15.5,57,0,0,0,2,1021.3,50,24140,0.09,13.6,169,Adelaide
"2023-09-27 03:00:00",16.6,53,0,0,0,2,1021.8,63,24140,0.12,14.5,174,Adelaide
"2023-09-27 04:00:00",17.6,49,0,0,0,2,1021.6,53,24140,0.15,14.8,177,Adelaide
"2023-09-27 05:00:00",18.5,49,0,0,0,2,1021,52,24140,0.17,14.8,181,Adelaide
"2023-09-27 06:00:00",19,48,0,0,0,2,1020.5,50,24140,0.17,15.5,184,Adelaide
"2023-09-27 07:00:00",19.2,45,0,0,0,1,1020,22,24140,0.16,15.5,177,Adelaide
"2023-09-27 08:00:00",19,47,0,0,0,1,1020.3,27,24140,0.14,15.9,175,Adelaide
"2023-09-27 09:00:00",17.9,53,0,0,0,1,1020.7,26,24140,0.11,16.3,172,Adelaide
"2023-09-27 10:00:00",16.5,53,0,0,0,0,1021.6,0,24140,0.07,15.2,166,Adelaide
"2023-09-27 11:00:00",14.7,62,0,0,0,0,1022.2,0,24140,0.04,11.4,162,Adelaide
"2023-09-27 12:00:00",13.6,69,0,0,0,0,1023,0,24140,0.02,8.9,153,Adelaide
"2023-09-27 13:00:00",12.8,72,0,0,0,0,1023.6,0,24140,0.01,7.1,150,Adelaide
"2023-09-27 14:00:00",12.2,76,0,0,0,0,1023.5,0,24140,0.01,6.4,142,Adelaide
"2023-09-27 15:00:00",11.5,80,0,0,0,0,1023.6,0,24140,0.01,5.4,138,Adelaide
"2023-09-27 16:00:00",10.8,85,0,0,0,0,1023.5,0,24140,-0,5.2,124,Adelaide
"2023-09-27 17:00:00",10.2,88,0,0,0,0,1023.5,0,24140,-0,5.2,115,Adelaide
"2023-09-27 18:00:00",9.7,90,0,0,0,0,1023.4,0,24140,-0,5.4,110,Adelaide
"2023-09-27 19:00:00",9.1,92,0,0,0,1,1023.3,14,24140,-0,5.4,110,Adelaide
"2023-09-27 20:00:00",8.7,94,0,0,0,1,1023.4,31,24140,-0,5.8,112,Adelaide
"2023-09-27 21:00:00",8.4,94,0,0,0,1,1023.7,34,24140,-0,6.5,109,Adelaide
"2023-09-27 22:00:00",8.2,93,0,0,0,1,1024.1,30,24140,-0,6.4,106,Adelaide
"2023-09-27 23:00:00",8.1,92,0,0,0,1,1024.5,26,24140,-0,6.3,103,Adelaide
"2023-09-27 00:00:00",25.8,66,0,0,0,0,1008.9,0,24140,0.01,5.4,8,Cairo
"2023-09-27 01:00:00",25,71,0,0,0,0,1008.7,0,24140,0.01,5.1,4,Cairo
"2023-09-27 02:00:00",24.3,75,0,0,0,0,1008.4,0,24140,0.01,4.3,5,Cairo
"2023-09-27 03:00:00",23.6,79,0,0,0,0,1007.9,0,24140,0.01,4,360,Cairo
"2023-09-27 04:00:00",23,83,0,0,0,0,1007.7,0,24140,0.01,3.6,354,Cairo
"2023-09-27 05:00:00",22.5,86,0,0,0,0,1008,0,24140,0.01,3.6,354,Cairo
"2023-09-27 06:00:00",22,89,0,0,0,0,1008.6,0,24140,0.01,3.3,354,Cairo
"2023-09-27 07:00:00",23,84,0,0,0,0,1009.1,0,24140,0.01,4,5,Cairo
"2023-09-27 08:00:00",25.9,66,0,0,0,0,1009.8,0,24140,0.02,5.4,20,Cairo
"2023-09-27 09:00:00",29.2,49,0,0,0,0,1009.7,0,24140,0.04,7.7,41,Cairo
"2023-09-27 10:00:00",32.1,35,0,0,0,0,1009.4,0,24140,0.06,9.7,48,Cairo
"2023-09-27 11:00:00",34.2,29,0,0,0,0,1008.8,0,24140,0.07,10.2,48,Cairo
"2023-09-27 12:00:00",35.8,24,0,0,0,0,1008.3,0,24140,0.08,10.7,48,Cairo
"2023-09-27 13:00:00",36.9,20,0,0,0,0,1008,0,24140,0.07,11.2,48,Cairo
"2023-09-27 14:00:00",37.5,16,0,0,0,0,1007.5,0,24140,0.07,11.5,49,Cairo
"2023-09-27 15:00:00",37.5,15,0,0,0,0,1007,0,24140,0.06,11.5,51,Cairo
"2023-09-27 16:00:00",37,16,0,0,0,0,1006.7,0,24140,0.05,10.9,56,Cairo
"2023-09-27 17:00:00",35.9,17,0,0,0,0,1007,0,24140,0.04,9.8,62,Cairo
"2023-09-27 18:00:00",34.1,20,0,0,0,0,1007.7,0,24140,0.03,7.3,70,Cairo
"2023-09-27 19:00:00",32.6,24,0,0,0,0,1008.7,0,24140,0.03,8.2,67,Cairo
"2023-09-27 20:00:00",31.3,30,0,0,0,0,1009.2,0,24140,0.02,8.8,55,Cairo
"2023-09-27 21:00:00",29.7,36,0,0,0,0,1009.3,0,24140,0.02,8.9,50,Cairo
"2023-09-27 22:00:00",28.3,44,0,0,0,0,1009.2,0,24140,0.02,8.9,47,Cairo
"2023-09-27 23:00:00",27.2,50,0,0,0,0,1009.2,0,24140,0.02,8.4,47,Cairo
"2023-09-27 00:00:00",27.1,90,0,0,0,3,1010.6,94,24140,0.03,6.4,218,Lagos
"2023-09-27 01:00:00",27,90,0,0,0,3,1010,100,24140,0.03,5.4,217,Lagos
"2023-09-27 02:00:00",26.9,90,0,0,0,3,1009.5,100,24140,0.02,5.1,219,Lagos
"2023-09-27 03:00:00",26.9,90,0,0,0,3,1008.8,100,24140,0.02,5.6,225,Lagos
"2023-09-27 04:00:00",26.8,90,0,0,0,3,1008.8,100,24140,0.03,6.1,225,Lagos
"2023-09-27 05:00:00",26.7,90,0,0,0,3,1008.5,100,24140,0.03,6.4,227,Lagos
"2023-09-27 06:00:00",26.7,90,0,0,0,3,1008.8,100,24140,0.03,5.4,233,Lagos
"2023-09-27 07:00:00",26.6,91,0,0,0,3,1009,100,24140,0.02,3.9,248,Lagos
"2023-09-27 08:00:00",26.5,92,0.1,0,0,3,1009.9,100,24140,0.02,2.9,263,Lagos
"2023-09-27 09:00:00",26.9,88,0.1,0,0,3,1010.7,100,24140,0.03,4.5,256,Lagos
"2023-09-27 10:00:00",27.4,84,0.2,0,0,3,1011.5,100,24140,0.07,3.8,253,Lagos
"2023-09-27 11:00:00",28.3,79,0.2,0,0,3,1011.7,100,24140,0.13,5.4,217,Lagos
"2023-09-27 12:00:00",29.2,75,0.1,0,0,3,1011.3,100,24140,0.2,6.9,208,Lagos
"2023-09-27 13:00:00",29.4,74,0.2,0,0,80,1010.2,100,24140,0.24,7,201,Lagos
"2023-09-27 14:00:00",29.4,74,0.3,0,0,80,1009.4,100,24140,0.25,8.3,198,Lagos
"2023-09-27 15:00:00",29.5,73,0.2,0,0,3,1008.7,100,24140,0.25,8.2,203,Lagos
"2023-09-27 16:00:00",29.5,73,0.1,0,0,3,1008.5,100,24140,0.24,9.7,207,Lagos
"2023-09-27 17:00:00",29.1,76,0,0,0,3,1008,100,24140,0.19,11,212,Lagos
"2023-09-27 18:00:00",28.8,78,0,0,0,3,1007.5,100,24140,0.16,11.3,211,Lagos
"2023-09-27 19:00:00",28.2,80,0,0,0,2,1006.9,53,24140,0.12,11.9,209,Lagos
"2023-09-27 20:00:00",27.6,84,0,0,0,3,1007.6,95,24140,0.08,10.2,212,Lagos
"2023-09-27 21:00:00",27.4,84,0,0,0,3,1009.1,98,24140,0.05,8.6,213,Lagos
"2023-09-27 22:00:00",27.3,85,0,0,0,3,1010.3,96,24140,0.05,7.1,221,Lagos
"2023-09-27 23:00:00",27.2,87,0,0,0,3,1010.4,100,24140,0.04,6.9,219,Lagos
"2023-09-27 00:00:00",10.6,53,0,0,0,1,828.7,19,24140,-0,12.7,188,Johannesburg
"2023-09-27 01:00:00",9.7,58,0,0,0,1,828.4,24,24140,-0,11.6,173,Johannesburg
"2023-09-27 02:00:00",9,60,0,0,0,1,827.7,34,24140,-0,7.7,169,Johannesburg
"2023-09-27 03:00:00",8.6,62,0,0,0,2,827.5,79,24140,-0,5.8,158,Johannesburg
"2023-09-27 04:00:00",8.9,64,0,0,0,2,827.9,78,24140,-0,5.1,135,Johannesburg
"2023-09-27 05:00:00",9,80,0,0,0,3,828.5,94,24140,-0,8.6,112,Johannesburg
"2023-09-27 06:00:00",9.2,77,0,0,0,3,829.1,98,24140,-0,10.9,96,Johannesburg
"2023-09-27 07:00:00",9.6,74,0,0,0,3,830,92,22720,-0,10.4,88,Johannesburg
"2023-09-27 08:00:00",10.8,68,0,0,0,3,831,87,12000,0.01,10.9,81,Johannesburg
"2023-09-27 09:00:00",13,60,0,0,0,3,832,88,15420,0.01,12.4,64,Johannesburg
"2023-09-27 10:00:00",15.2,53,0,0,0,3,832.5,96,24140,0.02,13.1,37,Johannesburg
"2023-09-27 11:00:00",16.4,49,0,0,0,2,832.6,73,24140,0.03,13.2,17,Johannesburg
"2023-09-27 12:00:00",17.5,45,0,0,0,2,832.6,78,24140,0.03,13.1,9,Johannesburg
"2023-09-27 13:00:00",18.4,43,0,0,0,3,832.3,83,24140,0.04,13,6,Johannesburg
"2023-09-27 14:00:00",18.4,43,0.1,0,0,2,831.7,69,24140,0.04,11.5,4,Johannesburg
"2023-09-27 15:00:00",18.2,44,0.1,0,0,2,831.1,77,24140,0.04,11.6,7,Johannesburg
"2023-09-27 16:00:00",16.8,52,0.6,0,0,80,830.9,96,24140,0.07,11.2,4,Johannesburg
"2023-09-27 17:00:00",14.9,65,0.7,0,0,80,830.9,81,24140,0.07,9.7,358,Johannesburg
"2023-09-27 18:00:00",14,71,0.2,0,0,80,831.3,68,24140,0.05,7.4,14,Johannesburg
"2023-09-27 19:00:00",13,77,0,0,0,1,831.6,42,24140,0.02,8.6,33,Johannesburg
"2023-09-27 20:00:00",12.2,82,0.1,0,0,3,832.1,90,24140,0.01,6.6,22,Johannesburg
"2023-09-27 21:00:00",11.6,86,1.3,0,0,95,832.1,95,24140,0.01,3.9,34,Johannesburg
"2023-09-27 22:00:00",11.4,88,1,0,0,95,832.1,87,24140,0.01,4.2,31,Johannesburg
"2023-09-27 23:00:00",10.9,90,0.4,0,0,80,831.9,86,24140,0.01,5.6,45,Johannesburg
"2023-09-27 00:00:00",17.6,77,0,0,0,3,837.6,96,24140,0.06,8.7,85,Nairobi
"2023-09-27 01:00:00",16.9,84,0,0,0,3,837.5,94,24140,0.05,8.6,75,Nairobi
"2023-09-27 02:00:00",16.5,88,0,0,0,3,837.3,99,24140,0.03,9.5,61,Nairobi
"2023-09-27 03:00:00",16.3,91,0,0,0,3,837.5,93,24140,0.03,8.4,59,Nairobi
"2023-09-27 04:00:00",16.1,92,0,0,0,3,837.9,92,24140,0.02,6.6,61,Nairobi
"2023-09-27 05:00:00",16,92,0,0,0,3,838.4,94,24140,0.02,5.3,62,Nairobi
"2023-09-27 06:00:00",16.1,91,0,0,0,3,839.2,94,24140,0.02,5.4,48,Nairobi
"2023-09-27 07:00:00",16.6,89,0,0,0,3,839.9,93,24140,0.04,5.9,38,Nairobi
"2023-09-27 08:00:00",17.6,83,0,0,0,3,840.9,88,24140,0.08,7.9,39,Nairobi
"2023-09-27 09:00:00",19.2,74,0,0,0,3,841.6,91,24140,0.16,8.9,47,Nairobi
"2023-09-27 10:00:00",20.9,65,0,0,0,2,841.6,73,24140,0.23,9.1,56,Nairobi
"2023-09-27 11:00:00",22.5,57,0,0,0,2,841.1,64,24140,0.28,9,61,Nairobi
"2023-09-27 12:00:00",24.3,50,0,0,0,2,840.2,49,24140,0.33,9.8,73,Nairobi
"2023-09-27 13:00:00",25.7,44,0,0,0,2,839.6,50,24140,0.37,10.9,82,Nairobi
"2023-09-27 14:00:00",26.2,41,0,0,0,2,838.7,56,16480,0.34,11.7,81,Nairobi
"2023-09-27 15:00:00",26,41,0,0,0,2,838.4,73,24140,0.28,12.4,82,Nairobi
"2023-09-27 16:00:00",25.1,43,0,0,0,2,838.4,79,24140,0.21,13.4,85,Nairobi
"2023-09-27 17:00:00",23.4,47,0,0,0,2,838.5,74,24140,0.13,14,90,Nairobi
"2023-09-27 18:00:00",21.9,51,0,0,0,2,838.5,70,24140,0.08,10.5,98,Nairobi
"2023-09-27 19:00:00",20.7,60,0,0,0,3,838.9,82,24140,0.06,10.5,98,Nairobi
"2023-09-27 20:00:00",19.9,64,0,0,0,2,839.3,80,24140,0.05,9,92,Nairobi
"2023-09-27 21:00:00",18.9,69,0,0,0,2,839.8,61,24140,0.04,9,88,Nairobi
"2023-09-27 22:00:00",18,75,0,0,0,2,839.4,66,24140,0.03,5.4,53,Nairobi
"2023-09-27 23:00:00",17.6,76,0,0,0,3,838.9,87,24140,0.02,5.1,45,Nairobi
"2023-09-27 00:00:00",20.3,91,0,0,0,1,999.6,24,24140,-0,2.2,270,Casablanca
"2023-09-27 01:00:00",19.9,93,0,0,0,1,999.7,13,24140,-0,2.5,262,Casablanca
"2023-09-27 02:00:00",19.6,94,0,0,0,0,999.3,1,24140,-0,2.6,236,Casablanca
"2023-09-27 03:00:00",19.3,95,0,0,0,45,998.7,4,24140,-0,2.9,187,Casablanca
"2023-09-27 04:00:00",18.9,96,0,0,0,45,998.3,13,24140,-0,3.3,174,Casablanca
"2023-09-27 05:00:00",18.7,96,0,0,0,45,998.6,19,24140,-0,3.2,207,Casablanca
"2023-09-27 06:00:00",18.7,96,0,0,0,45,999,39,24140,-0,3.7,209,Casablanca
"2023-09-27 07:00:00",18.6,96,0,0,0,45,999,36,24120,-0,3.8,197,Casablanca
"2023-09-27 08:00:00",18.5,96,0,0,0,45,999,41,24140,-0,3.7,191,Casablanca
"2023-09-27 09:00:00",18.7,95,0,0,0,45,999.4,52,24140,-0,3.6,174,Casablanca
"2023-09-27 10:00:00",20.2,88,0,0,0,2,1000,60,24140,0.01,3.2,180,Casablanca
"2023-09-27 11:00:00",22.1,79,0,0,0,2,1000.7,67,24140,0.03,3,256,Casablanca
"2023-09-27 12:00:00",23.9,70,0,0,0,3,1000.8,91,24140,0.04,3.6,323,Casablanca
"2023-09-27 13:00:00",25.3,64,0,0,0,1,1000.4,46,24140,0.06,7.4,331,Casablanca
"2023-09-27 14:00:00",25.3,66,0,0,0,2,1000.2,43,24140,0.07,11.1,331,Casablanca
"2023-09-27 15:00:00",25.2,67,0,0,0,2,999.5,39,14680,0.07,11.4,332,Casablanca
"2023-09-27 16:00:00",25.2,70,0,0,0,2,998.9,47,17260,0.06,12.1,333,Casablanca
"2023-09-27 17:00:00",24.5,73,0,0,0,2,998.4,48,24140,0.05,12.1,333,Casablanca
"2023-09-27 18:00:00",23.8,75,0,0,0,2,998.4,53,24140,0.04,10.9,333,Casablanca
"2023-09-27 19:00:00",23.2,77,0,0,0,2,998.3,50,24140,0.03,8.8,341,Casablanca
"2023-09-27 20:00:00",22.4,83,0,0,0,2,998.3,49,24140,0.02,6.3,347,Casablanca
"2023-09-27 21:00:00",21.6,88,0,0,0,2,998.4,54,24140,0.01,4,350,Casablanca
"2023-09-27 22:00:00",21.2,91,0,0,0,1,998.7,34,24140,-0,1.8,11,Casablanca
"2023-09-27 23:00:00",20.8,94,0,0,0,1,998.7,21,24140,-0,1.6,333,Casablanca
"2023-09-27 00:00:00",12.5,84,0,0,0,3,765.1,100,24140,0.01,6.9,28,"Addis Ababa"
"2023-09-27 01:00:00",12.2,84,0,0,0,3,764.5,100,24140,0.01,6.9,28,"Addis Ababa"
"2023-09-27 02:00:00",11.9,85,0,0,0,3,764.5,100,24140,0.01,6.8,25,"Addis Ababa"
"2023-09-27 03:00:00",11.6,88,0,0,0,2,764.3,68,24140,0.01,7.4,23,"Addis Ababa"
"2023-09-27 04:00:00",11.5,89,0,0,0,3,764.6,99,24140,-0,7.3,20,"Addis Ababa"
"2023-09-27 05:00:00",11.3,91,0,0,0,2,764.7,52,24140,-0,7.3,20,"Addis Ababa"
"2023-09-27 06:00:00",11.8,90,0,0,0,1,765.7,41,24140,-0,7.3,20,"Addis Ababa"
"2023-09-27 07:00:00",14.8,86,0,0,0,1,768.4,36,24140,0.04,5.1,45,"Addis Ababa"
"2023-09-27 08:00:00",16.7,76,0,0,0,1,770.2,37,18220,0.2,7.3,110,"Addis Ababa"
"2023-09-27 09:00:00",17.6,69,0,0,0,3,770.4,82,18340,0.38,14.4,112,"Addis Ababa"
"2023-09-27 10:00:00",17.9,66,0,0,0,3,769.9,100,19200,0.41,16.3,118,"Addis Ababa"
"2023-09-27 11:00:00",18.7,67,0,0,0,2,769.4,65,13320,0.4,15.4,123,"Addis Ababa"
"2023-09-27 12:00:00",19.4,61,0,0,0,2,768.9,81,12440,0.45,17.1,125,"Addis Ababa"
"2023-09-27 13:00:00",19.5,57,0.1,0,0,3,768.2,82,18520,0.44,18.2,124,"Addis Ababa"
"2023-09-27 14:00:00",19.6,60,0,0,0,3,768,91,17840,0.4,19.2,116,"Addis Ababa"
"2023-09-27 15:00:00",19.5,57,0.1,0,0,3,767.6,100,18300,0.35,19.8,106,"Addis Ababa"
"2023-09-27 16:00:00",19.2,55,0,0,0,3,767.6,100,18740,0.28,18.9,103,"Addis Ababa"
"2023-09-27 17:00:00",18,61,0,0,0,3,767.4,100,24140,0.14,13.4,110,"Addis Ababa"
"2023-09-27 18:00:00",16.9,67,0,0,0,3,767.4,100,24140,0.05,11.1,103,"Addis Ababa"
"2023-09-27 19:00:00",15.9,71,0,0,0,3,767.5,100,24140,0.03,9.4,88,"Addis Ababa"
"2023-09-27 20:00:00",15.2,74,0,0,0,3,767.6,85,23300,0.02,8,80,"Addis Ababa"
"2023-09-27 21:00:00",14.5,80,0,0,0,1,767.5,40,24140,0.01,7.4,67,"Addis Ababa"
"2023-09-27 22:00:00",13.9,84,0,0,0,1,767,39,24140,0.01,6.6,61,"Addis Ababa"
"2023-09-27 23:00:00",13.5,87,0,0,0,2,766.3,49,24140,-0,7.3,57,"Addis Ababa"
"2023-09-27 00:00:00",28.2,87,0,0,0,3,1010.9,100,24140,0.05,8.9,291,Dakar
"2023-09-27 01:00:00",28.1,87,0,0,0,3,1011,100,24140,0.05,8.9,297,Dakar
"2023-09-27 02:00:00",28.1,88,0,0,0,3,1011.1,100,24140,0.05,8.4,301,Dakar
"2023-09-27 03:00:00",28,88,0,0,0,3,1011,94,24140,0.05,6.9,298,Dakar
"2023-09-27 04:00:00",27.8,90,0,0,0,3,1010.5,94,24140,0.04,6.6,283,Dakar
"2023-09-27 05:00:00",27.6,91,0,0,0,3,1010.2,93,24140,0.04,6.1,270,Dakar
"2023-09-27 06:00:00",27.6,91,0,0,0,2,1009.8,79,24140,0.04,7.9,270,Dakar
"2023-09-27 07:00:00",27.7,89,0,0,0,2,1010,79,24140,0.04,8.7,275,Dakar
"2023-09-27 08:00:00",27.8,89,0,0,0,2,1010.3,58,24140,0.05,9,275,Dakar
"2023-09-27 09:00:00",27.8,89,0,0,0,2,1010.7,54,24140,0.05,8.6,270,Dakar
"2023-09-27 10:00:00",28.3,87,0,0,0,2,1011.2,65,24140,0.05,8.9,256,Dakar
"2023-09-27 11:00:00",29.4,79,0,0,0,1,1011.3,40,24140,0.11,12.5,258,Dakar
"2023-09-27 12:00:00",30,77,0,0,0,3,1011.6,83,24140,0.17,13.7,265,Dakar
"2023-09-27 13:00:00",30.7,74,0,0,0,3,1011.6,85,24140,0.21,14,269,Dakar
"2023-09-27 14:00:00",31.2,70,0,0,0,2,1011.1,63,24140,0.24,15.1,270,Dakar
"2023-09-27 15:00:00",31.4,68,0,0,0,2,1010.2,78,24140,0.26,16.8,279,Dakar
"2023-09-27 16:00:00",31.3,68,0,0,0,2,1009.4,75,24140,0.24,15.8,282,Dakar
"2023-09-27 17:00:00",31.3,69,0,0,0,2,1008.7,74,24140,0.22,16.2,282,Dakar
"2023-09-27 18:00:00",31,69,0,0,0,3,1008.4,82,24140,0.2,13.9,280,Dakar
"2023-09-27 19:00:00",30.6,70,0,0,0,3,1008.6,84,24140,0.17,13.8,277,Dakar
"2023-09-27 20:00:00",30,71,0,0,0,3,1009.1,90,24140,0.14,10.2,278,Dakar
"2023-09-27 21:00:00",29.3,75,0,0,0,3,1009.8,100,24140,0.1,8.3,272,Dakar
"2023-09-27 22:00:00",28.7,81,0,0,0,3,1010.2,100,24140,0.07,7.6,267,Dakar
"2023-09-27 23:00:00",28.3,85,0,0,0,3,1010.8,92,24140,0.05,5.4,270,Dakar
"2023-09-27 00:00:00",26.5,90,0,0,0,2,1008.9,69,24140,0.03,7.1,221,Accra
"2023-09-27 01:00:00",26.4,91,0,0,0,2,1008.1,66,24140,0.02,6.4,223,Accra
"2023-09-27 02:00:00",26.3,90,0,0,0,2,1007.7,66,24140,0.02,6.1,225,Accra
"2023-09-27 03:00:00",26.2,91,0,0,0,2,1007.2,70,24140,0.02,5.1,231,Accra
"2023-09-27 04:00:00",26.1,92,0,0,0,2,1007.3,70,24140,0.02,4.8,243,Accra
"2023-09-27 05:00:00",26.1,93,0,0,0,2,1007.1,75,24140,0.02,5.2,258,Accra
"2023-09-27 06:00:00",26,93,0,0,0,2,1007.4,62,24140,0.02,5.4,266,Accra
"2023-09-27 07:00:00",25.8,93,0,0,0,2,1007.6,53,24140,0.02,5.8,270,Accra
"2023-09-27 08:00:00",25.7,93,0,0,0,2,1008.4,59,24140,0.02,5.4,278,Accra
"2023-09-27 09:00:00",26.2,90,0,0,0,2,1009.2,62,24140,0.03,5.8,277,Accra
"2023-09-27 10:00:00",27.3,83,0,0,0,2,1009.8,73,24140,0.07,7.2,264,Accra
"2023-09-27 11:00:00",28.6,74,0,0,0,3,1010.1,99,24140,0.14,7.6,251,Accra
"2023-09-27 12:00:00",29.2,71,0,0,0,3,1009.9,100,24140,0.18,6.9,231,Accra
"2023-09-27 13:00:00",29.9,69,0.1,0,0,3,1009.1,97,24140,0.22,7.3,213,Accra
"2023-09-27 14:00:00",30,68,0,0,0,3,1008.1,84,24140,0.24,8.6,202,Accra
"2023-09-27 15:00:00",29.7,71,0,0,0,2,1007.4,79,24140,0.22,10.8,206,Accra
"2023-09-27 16:00:00",29.1,74,0.1,0,0,2,1007.1,80,24140,0.2,11,199,Accra
"2023-09-27 17:00:00",29.1,74,0,0,0,3,1006.8,100,24140,0.18,11,203,Accra
"2023-09-27 18:00:00",28.5,77,0,0,0,3,1006.1,100,24140,0.15,11.6,206,Accra
"2023-09-27 19:00:00",27.7,82,0,0,0,3,1005.8,100,24140,0.11,11.1,205,Accra
"2023-09-27 20:00:00",26.9,86,0,0,0,3,1006.1,100,24140,0.06,10.3,209,Accra
"2023-09-27 21:00:00",26.7,87,0,0,0,3,1007.2,97,24140,0.04,9.3,216,Accra
"2023-09-27 22:00:00",26.6,88,0,0,0,3,1008.2,94,24140,0.04,8.9,223,Accra
"2023-09-27 23:00:00",26.5,89,0,0,0,2,1008.9,64,24140,0.03,7.7,229,Accra
"2023-09-27 00:00:00",14.5,78,0,0,0,0,1024.7,0,24140,0.02,9.5,155,"Cape Town"
"2023-09-27 01:00:00",14.2,78,0,0,0,0,1023.9,0,24140,0.01,8.2,157,"Cape Town"
"2023-09-27 02:00:00",13.6,79,0,0,0,0,1023.3,0,24140,0.01,6.8,162,"Cape Town"
"2023-09-27 03:00:00",13,80,0,0,0,0,1023,0,24140,0.01,5.7,162,"Cape Town"
"2023-09-27 04:00:00",12.3,83,0,0,0,0,1022.6,0,24140,0.01,4.7,157,"Cape Town"
"2023-09-27 05:00:00",11.9,85,0,0,0,0,1022.6,0,24140,-0,4.2,149,"Cape Town"
"2023-09-27 06:00:00",11.4,88,0,0,0,0,1022.9,0,24140,-0,3.9,146,"Cape Town"
"2023-09-27 07:00:00",11.2,90,0,0,0,0,1023.3,0,24140,-0,3.6,127,"Cape Town"
"2023-09-27 08:00:00",12.6,86,0,0,0,0,1023.6,0,24140,0.01,3,104,"Cape Town"
"2023-09-27 09:00:00",15.7,72,0,0,0,0,1023.2,0,24140,0.04,2.6,124,"Cape Town"
"2023-09-27 10:00:00",17.7,56,0,0,0,0,1023.6,0,24140,0.13,4.2,160,"Cape Town"
"2023-09-27 11:00:00",19.4,48,0,0,0,0,1023.1,0,24140,0.22,6.2,159,"Cape Town"
"2023-09-27 12:00:00",20.6,41,0,0,0,0,1022.7,0,24140,0.29,7.1,156,"Cape Town"
"2023-09-27 13:00:00",21.4,38,0,0,0,0,1021.9,0,24140,0.32,8.5,168,"Cape Town"
"2023-09-27 14:00:00",21.8,37,0,0,0,0,1021.1,0,24140,0.33,10.1,180,"Cape Town"
"2023-09-27 15:00:00",21.9,39,0,0,0,0,1020.1,0,24140,0.3,10.5,174,"Cape Town"
"2023-09-27 16:00:00",21.7,50,0,0,0,0,1019.3,0,24140,0.25,10.8,176,"Cape Town"
"2023-09-27 17:00:00",21.1,57,0,0,0,0,1018.9,0,24140,0.18,9.7,176,"Cape Town"
"2023-09-27 18:00:00",19.8,62,0,0,0,0,1018.9,0,24140,0.11,9.4,176,"Cape Town"
"2023-09-27 19:00:00",18,69,0,0,0,0,1019,0,24140,0.06,8.3,175,"Cape Town"
"2023-09-27 20:00:00",16.9,74,0,0,0,0,1019.5,0,24140,0.03,7.6,172,"Cape Town"
"2023-09-27 21:00:00",16.1,78,0,0,0,0,1019.4,0,24140,0.02,6.7,164,"Cape Town"
"2023-09-27 22:00:00",15.4,81,0,0,0,0,1018.7,0,24140,0.01,6.3,156,"Cape Town"
"2023-09-27 23:00:00",14.7,84,0,0,0,0,1018.2,0,24140,0.01,5.8,158,"Cape Town"
"2023-09-27 00:00:00",21,99,0,0,0,3,1007.4,95,24140,0.01,2.6,344,Tokyo
"2023-09-27 01:00:00",21.7,97,0,0,0,1,1007.3,49,24140,0.03,1.5,346,Tokyo
"2023-09-27 02:00:00",23.6,89,0,0,0,1,1007,35,24140,0.05,0.8,117,Tokyo
"2023-09-27 03:00:00",26.2,77,0,0,0,1,1006.5,33,24140,0.1,2.2,189,Tokyo
"2023-09-27 04:00:00",27.7,66,0,0,0,1,1006,30,24140,0.17,3.4,198,Tokyo
"2023-09-27 05:00:00",28.7,60,0,0,0,1,1005.6,39,24140,0.22,3.8,197,Tokyo
"2023-09-27 06:00:00",29,59,0,0,0,1,1005.2,34,24140,0.22,3.6,174,Tokyo
"2023-09-27 07:00:00",29.1,59,0,0,0,1,1004.9,35,24140,0.2,3.1,144,Tokyo
"2023-09-27 08:00:00",29,60,0,0,0,1,1004.8,44,24140,0.17,3.3,139,Tokyo
"2023-09-27 09:00:00",28.5,63,0,0,0,1,1004.8,43,24140,0.12,3.3,131,Tokyo
"2023-09-27 10:00:00",27.6,68,0,0,0,1,1005.1,42,24140,0.08,2.4,117,Tokyo
"2023-09-27 11:00:00",26.5,75,0,0,0,2,1005.4,52,24140,0.05,1.9,112,Tokyo
"2023-09-27 12:00:00",25.7,80,0,0,0,1,1005.9,43,24140,0.04,1.8,90,Tokyo
"2023-09-27 13:00:00",25.1,85,0,0,0,1,1006.6,38,24140,0.03,2,45,Tokyo
"2023-09-27 14:00:00",24.7,87,0,0,0,2,1006.9,59,24140,0.02,2.5,360,Tokyo
"2023-09-27 15:00:00",24.3,89,0,0,0,2,1006.9,56,24140,0.02,2.4,27,Tokyo
"2023-09-27 16:00:00",24,89,0,0,0,1,1006.7,36,24140,0.01,2.3,39,Tokyo
"2023-09-27 17:00:00",23.7,91,0,0,0,1,1006.4,30,24140,0.01,2.2,9,Tokyo
"2023-09-27 18:00:00",23.3,93,0,0,0,1,1006.2,31,24140,0.01,2.2,351,Tokyo
"2023-09-27 19:00:00",23.1,96,0,0,0,2,1005.8,50,24140,0.01,2.1,329,Tokyo
"2023-09-27 20:00:00",22.9,97,0,0,0,3,1005.3,89,24140,0.01,1.8,323,Tokyo
"2023-09-27 21:00:00",22.9,98,0,0,0,3,1005.3,100,24140,0.01,1.5,315,Tokyo
"2023-09-27 22:00:00",22.8,98,0,0,0,3,1005.2,98,24140,-0,1.1,252,Tokyo
"2023-09-27 23:00:00",22.8,98,0,0,0,3,1005.2,98,24140,-0,1.1,198,Tokyo
"2023-09-27 00:00:00",26.4,91,0.7,0,0,80,1006.5,100,24140,0.01,1.5,14,Mumbai
"2023-09-27 01:00:00",26.2,92,0.9,0,0,95,1006.2,100,24140,0.02,2.1,31,Mumbai
"2023-09-27 02:00:00",26.1,92,0.9,0,0,95,1006.5,100,24140,0.03,2.8,50,Mumbai
"2023-09-27 03:00:00",26,91,0.7,0,0,80,1006.9,100,24140,0.03,2.9,60,Mumbai
"2023-09-27 04:00:00",26.1,91,0.6,0,0,80,1007.7,100,23700,0.03,2.5,90,Mumbai
"2023-09-27 05:00:00",26.7,87,0.1,0,0,3,1008.5,99,24140,0.05,2.5,90,Mumbai
"2023-09-27 06:00:00",27.7,82,0,0,0,3,1008.8,91,24140,0.09,1.3,34,Mumbai
"2023-09-27 07:00:00",28.7,77,0.1,0,0,3,1008.4,87,24140,0.15,3.1,315,Mumbai
"2023-09-27 08:00:00",29.2,75,0.1,0,0,2,1007.8,78,24140,0.18,5.5,293,Mumbai
"2023-09-27 09:00:00",29.7,75,0.2,0,0,2,1006.8,81,24140,0.21,7.4,284,Mumbai
"2023-09-27 10:00:00",29.7,75,0.4,0,0,80,1006.1,100,24140,0.24,8.2,285,Mumbai
"2023-09-27 11:00:00",29.2,76,0.4,0,0,80,1005.2,100,10760,0.2,8.4,290,Mumbai
"2023-09-27 12:00:00",28.7,78,0.3,0,0,80,1004.8,100,13020,0.14,8.2,293,Mumbai
"2023-09-27 13:00:00",28.4,80,0.3,0,0,80,1004.9,100,24140,0.12,7.9,294,Mumbai
"2023-09-27 14:00:00",28,83,0.5,0,0,80,1005.3,100,24140,0.09,6.9,298,Mumbai
"2023-09-27 15:00:00",27.6,86,0.7,0,0,80,1005.5,100,24140,0.06,4.9,306,Mumbai
"2023-09-27 16:00:00",27.3,88,0.9,0,0,95,1006.2,100,24140,0.04,2.9,330,Mumbai
"2023-09-27 17:00:00",27.1,88,0.9,0,0,95,1006.9,100,9820,0.03,1.8,360,Mumbai
"2023-09-27 18:00:00",27,89,0.3,0,0,80,1007.6,100,11040,0.02,1.1,360,Mumbai
"2023-09-27 19:00:00",26.9,89,0.3,0,0,80,1007.5,100,24140,0.01,1.5,104,Mumbai
"2023-09-27 20:00:00",26.8,89,1,0,0,80,1007.3,100,24140,0.02,2.1,121,Mumbai
"2023-09-27 21:00:00",26.6,90,0.4,0,0,80,1006.4,100,24140,0.02,2.6,146,Mumbai
"2023-09-27 22:00:00",26.5,91,0.6,0,0,80,1005.6,100,24140,0.02,2.7,157,Mumbai
"2023-09-27 23:00:00",26.3,90,1.3,0,0,95,1005,100,24140,0.02,2,135,Mumbai
"2023-09-27 00:00:00",17.3,100,0,0,0,45,1006.4,100,24140,-0,4.8,27,Beijing
"2023-09-27 01:00:00",17.6,97,0,0,0,3,1007.5,100,24140,-0,5.5,32,Beijing
"2023-09-27 02:00:00",18.7,90,0,0,0,3,1008.3,100,24140,0.01,5.2,25,Beijing
"2023-09-27 03:00:00",20.3,84,0,0,0,3,1009,100,24140,0.03,5.5,23,Beijing
"2023-09-27 04:00:00",22.5,69,0,0,0,3,1008.9,100,24140,0.05,7.4,14,Beijing
"2023-09-27 05:00:00",25.1,29,0,0,0,3,1008.6,100,24140,0.11,12.6,347,Beijing
"2023-09-27 06:00:00",25.5,20,0,0,0,3,1008.3,100,24140,0.15,15,339,Beijing
"2023-09-27 07:00:00",26.2,18,0,0,0,1,1007.7,28,24140,0.18,15.3,336,Beijing
"2023-09-27 08:00:00",27.4,17,0,0,0,0,1007.2,2,24140,0.2,15.8,325,Beijing
"2023-09-27 09:00:00",27.9,17,0,0,0,0,1006.8,3,24140,0.19,14.8,315,Beijing
"2023-09-27 10:00:00",28,17,0,0,0,1,1006.4,6,24140,0.16,13,309,Beijing
"2023-09-27 11:00:00",27.4,18,0,0,0,0,1006.2,0,24140,0.13,9.2,312,Beijing
"2023-09-27 12:00:00",25.6,24,0,0,0,1,1006.6,19,24140,0.07,4.2,290,Beijing
"2023-09-27 13:00:00",23.3,33,0,0,0,0,1007.6,0,24140,0.04,5.7,235,Beijing
"2023-09-27 14:00:00",21.2,49,0,0,0,0,1008.4,0,24140,0.03,5.5,247,Beijing
"2023-09-27 15:00:00",20.3,51,0,0,0,0,1009.1,0,24140,0.02,4.1,285,Beijing
"2023-09-27 16:00:00",19.5,44,0,0,0,2,1009.7,77,24140,0.02,5.2,344,Beijing
"2023-09-27 17:00:00",18.8,35,0,0,0,3,1010.2,94,24140,0.03,5.8,360,Beijing
"2023-09-27 18:00:00",18.3,33,0,0,0,3,1010.6,100,24140,0.03,5.1,4,Beijing
"2023-09-27 19:00:00",17.8,32,0,0,0,3,1011.1,100,24140,0.03,4.5,14,Beijing
"2023-09-27 20:00:00",17.2,33,0,0,0,2,1011.2,56,24140,0.03,4.2,20,Beijing
"2023-09-27 21:00:00",16.5,35,0,0,0,1,1011.3,6,24140,0.02,4.5,14,Beijing
"2023-09-27 22:00:00",15.8,38,0,0,0,0,1011.5,6,24140,0.02,3.6,360,Beijing
"2023-09-27 23:00:00",15.4,40,0,0,0,1,1011.9,9,24140,0.01,2.9,360,Beijing
"2023-09-27 00:00:00",21,81,0,0,0,2,1009.9,47,24140,0.05,10.5,38,Istanbul
"2023-09-27 01:00:00",20.8,83,0,0,0,1,1009.8,34,24140,0.05,8.7,45,Istanbul
"2023-09-27 02:00:00",20.8,85,0,0,0,2,1009.4,50,24140,0.04,9.2,42,Istanbul
"2023-09-27 03:00:00",20.9,84,0,0,0,2,1008.9,62,24140,0.04,11,38,Istanbul
"2023-09-27 04:00:00",20.9,84,0,0,0,2,1008.7,62,24140,0.05,11.8,38,Istanbul
"2023-09-27 05:00:00",21,84,0,0,0,2,1008.4,60,24140,0.04,12.3,38,Istanbul
"2023-09-27 06:00:00",21.3,82,0,0,0,2,1008.5,63,24140,0.04,12.7,43,Istanbul
"2023-09-27 07:00:00",21.7,80,0,0,0,2,1008.8,67,24140,0.05,16.3,43,Istanbul
"2023-09-27 08:00:00",22.4,75,0,0,0,2,1008.7,63,24140,0.06,19.4,50,Istanbul
"2023-09-27 09:00:00",23.3,70,0,0,0,2,1008.9,61,24140,0.07,19.9,48,Istanbul
"2023-09-27 10:00:00",24,67,0,0,0,2,1009,58,24140,0.09,20.9,44,Istanbul
"2023-09-27 11:00:00",24.8,61,0,0,0,2,1009.3,72,24140,0.1,20.1,44,Istanbul
"2023-09-27 12:00:00",25.3,59,0,0,0,2,1009.6,72,24140,0.11,21,39,Istanbul
"2023-09-27 13:00:00",25.1,60,0,0,0,3,1009.4,100,24140,0.11,24.1,38,Istanbul
"2023-09-27 14:00:00",24.7,61,0,0,0,3,1009,100,24140,0.11,26.2,34,Istanbul
"2023-09-27 15:00:00",23.7,67,0.1,0.1,0,61,1008.6,100,24140,0.11,25.3,33,Istanbul
"2023-09-27 16:00:00",23.3,70,0,0,0,3,1008.5,100,24140,0.1,23.7,36,Istanbul
"2023-09-27 17:00:00",23,71,0,0,0,3,1008.8,100,24140,0.08,23.1,37,Istanbul
"2023-09-27 18:00:00",22.3,76,0,0,0,3,1009.4,100,24140,0.07,20.4,42,Istanbul
"2023-09-27 19:00:00",21.9,76,0,0,0,3,1010,100,24140,0.06,17.1,42,Istanbul
"2023-09-27 20:00:00",21.7,77,0,0,0,3,1010,100,24140,0.06,14.8,34,Istanbul
"2023-09-27 21:00:00",21.3,79,0,0,0,3,1009.3,95,15980,0.06,12.9,36,Istanbul
"2023-09-27 22:00:00",21,81,0,0,0,3,1008.8,100,24140,0.05,12.9,30,Istanbul
"2023-09-27 23:00:00",20.9,80,0,0,0,3,1008.6,100,24140,0.05,11.9,29,Istanbul
"2023-09-27 00:00:00",25.6,90,0.1,0.1,0,61,1004.5,100,24140,0.04,5.1,278,Bangkok
"2023-09-27 01:00:00",25.5,90,0,0,0,3,1004.8,100,24140,0.03,3.3,264,Bangkok
"2023-09-27 02:00:00",25.6,90,0,0,0,3,1005.1,100,24140,0.02,2.4,243,Bangkok
"2023-09-27 03:00:00",26.5,86,0,0,0,3,1006,100,24140,0.05,2.8,230,Bangkok
"2023-09-27 04:00:00",27.3,82,0,0,0,3,1006.6,98,22760,0.09,3.1,234,Bangkok
"2023-09-27 05:00:00",28.4,79,0,0,0,3,1006.9,99,6960,0.13,4.1,218,Bangkok
"2023-09-27 06:00:00",29.4,76,0.1,0,0,3,1006.5,98,8340,0.18,4.5,194,Bangkok
"2023-09-27 07:00:00",29.8,74,0.4,0,0,80,1005.8,100,8240,0.21,7,192,Bangkok
"2023-09-27 08:00:00",29,79,2.1,0,0,95,1004.9,100,22120,0.2,8.1,193,Bangkok
"2023-09-27 09:00:00",28.7,81,1.2,0.1,0,95,1003.6,100,23200,0.19,8,172,Bangkok
"2023-09-27 10:00:00",28.7,80,1,0,0,95,1002.8,100,7280,0.18,8.1,167,Bangkok
"2023-09-27 11:00:00",28.9,78,0.2,0,0,80,1003,100,24140,0.16,8.9,166,Bangkok
"2023-09-27 12:00:00",29,76,0,0,0,3,1003.4,100,16900,0.12,9,164,Bangkok
"2023-09-27 13:00:00",28.7,77,0.1,0,0,3,1003.8,100,4920,0.07,7.6,172,Bangkok
"2023-09-27 14:00:00",28.4,79,0.1,0,0,3,1004.4,100,7800,0.04,5.7,162,Bangkok
"2023-09-27 15:00:00",28.2,81,0,0,0,3,1005.4,100,7040,0.03,5.8,158,Bangkok
"2023-09-27 16:00:00",28.2,82,0,0,0,3,1006.3,100,10480,0.03,6.2,159,Bangkok
"2023-09-27 17:00:00",28.1,82,0,0,0,3,1006.7,100,24140,0.03,5.7,162,Bangkok
"2023-09-27 18:00:00",28,82,0,0,0,3,1006.7,100,24140,0.03,5.8,173,Bangkok
"2023-09-27 19:00:00",27.9,82,0,0,0,3,1006.5,100,24140,0.03,5.4,180,Bangkok
"2023-09-27 20:00:00",27.7,82,0,0,0,3,1005.6,100,21920,0.02,4.7,180,Bangkok
"2023-09-27 21:00:00",27.5,83,0,0,0,3,1005,100,24140,0.02,4.7,176,Bangkok
"2023-09-27 22:00:00",27.4,84,0,0,0,3,1004.9,100,24140,0.02,4,175,Bangkok
"2023-09-27 23:00:00",27.3,83,0,0,0,3,1005.2,99,12360,0.02,3.6,174,Bangkok
"2023-09-27 00:00:00",19.2,96,0.4,0,0,51,1006.6,88,15920,0.01,3.9,56,Seoul
"2023-09-27 01:00:00",19.2,96,0.4,0,0,51,1006.7,77,15520,0.01,4.1,52,Seoul
"2023-09-27 02:00:00",19.5,96,0.3,0,0,51,1006.6,81,20280,0.01,3.6,53,Seoul
"2023-09-27 03:00:00",19.7,95,0.1,0,0,51,1006.5,85,24140,0.06,3.1,45,Seoul
"2023-09-27 04:00:00",20,95,0,0,0,3,1006.3,88,24140,0.12,2.1,31,Seoul
"2023-09-27 05:00:00",20.2,94,0,0,0,3,1006.2,92,24140,0.12,1.5,315,Seoul
"2023-09-27 06:00:00",20.3,95,0.3,0,0,51,1006.2,87,24140,0.15,3,284,Seoul
"2023-09-27 07:00:00",20.4,95,0.3,0,0,51,1005.9,85,24140,0.13,2.9,270,Seoul
"2023-09-27 08:00:00",20.6,94,0,0,0,3,1005.5,97,24140,0.14,2.5,278,Seoul
"2023-09-27 09:00:00",20.5,95,0,0,0,3,1005.6,97,24140,0.13,3.7,281,Seoul
"2023-09-27 10:00:00",20.4,95,0,0,0,3,1005.6,92,24140,0.1,3.3,276,Seoul
"2023-09-27 11:00:00",20.3,95,0,0,0,2,1005.8,56,24140,0.07,2.9,277,Seoul
"2023-09-27 12:00:00",19.9,96,0,0,0,1,1006,46,24140,0.03,2.5,270,Seoul
"2023-09-27 13:00:00",19.8,96,0,0,0,1,1006.5,49,24140,0.02,2.4,243,Seoul
"2023-09-27 14:00:00",19.9,95,0,0,0,2,1006.8,71,24140,0.01,2.3,219,Seoul
"2023-09-27 15:00:00",19.8,95,0,0,0,1,1006.8,39,24140,0.01,1.9,158,Seoul
"2023-09-27 16:00:00",19.8,95,0,0,0,1,1006.9,42,24140,0.01,1.5,256,Seoul
"2023-09-27 17:00:00",20,95,0,0,0,1,1006.9,42,24140,-0,3.7,299,Seoul
"2023-09-27 18:00:00",19.9,94,0,0,0,1,1006.9,45,21880,-0,4.8,312,Seoul
"2023-09-27 19:00:00",19.7,92,0,0,0,2,1007,68,13520,-0,5.1,315,Seoul
"2023-09-27 20:00:00",19.2,92,0,0,0,2,1006.9,53,13840,-0,4.1,308,Seoul
"2023-09-27 21:00:00",18.9,93,0,0,0,2,1007.1,70,24140,-0,4.5,299,Seoul
"2023-09-27 22:00:00",18.7,93,0,0,0,2,1007.5,55,24140,0.01,4.2,301,Seoul
"2023-09-27 23:00:00",18.4,94,0,0,0,1,1008.1,40,24140,0.01,4,297,Seoul
"2023-09-27 00:00:00",24.9,79,0,0,0,1,1009.9,22,24140,0.01,3.1,201,Jakarta
"2023-09-27 01:00:00",24.7,78,0,0,0,1,1010.7,31,24140,0.01,3,194,Jakarta
"2023-09-27 02:00:00",26.1,71,0,0,0,1,1011.8,30,24140,0.02,3,194,Jakarta
"2023-09-27 03:00:00",28.7,59,0,0,0,1,1012.5,39,24140,0.06,4.1,195,Jakarta
"2023-09-27 04:00:00",31,47,0,0,0,1,1012.4,44,24140,0.1,3.7,169,Jakarta
"2023-09-27 05:00:00",33.3,36,0,0,0,1,1011.6,40,24140,0.14,4.8,103,Jakarta
"2023-09-27 06:00:00",35.1,31,0,0,0,1,1010.7,15,24140,0.15,7.1,75,Jakarta
"2023-09-27 07:00:00",36.5,28,0,0,0,0,1009.2,0,24140,0.13,8.9,50,Jakarta
"2023-09-27 08:00:00",36.4,33,0,0,0,1,1008.2,24,24140,0.11,13.2,17,Jakarta
"2023-09-27 09:00:00",34.2,41,0,0,0,0,1007.8,0,24140,0.08,16.4,9,Jakarta
"2023-09-27 10:00:00",33.4,41,0,0,0,0,1007.4,6,24140,0.07,14.9,15,Jakarta
"2023-09-27 11:00:00",32.3,44,0,0,0,0,1007.1,5,24140,0.06,14,23,Jakarta
"2023-09-27 12:00:00",30.8,51,0,0,0,0,1007.5,5,24140,0.04,12.6,27,Jakarta
"2023-09-27 13:00:00",29.3,59,0,0,0,0,1008.7,1,24140,0.02,5.8,7,Jakarta
"2023-09-27 14:00:00",28.5,65,0,0,0,0,1010.2,1,24140,0.01,2.6,304,Jakarta
"2023-09-27 15:00:00",27.9,69,0,0,0,0,1010.9,3,24140,0.01,1.9,338,Jakarta
"2023-09-27 16:00:00",27.4,73,0,0,0,1,1011.5,20,24140,0.01,1.8,37,Jakarta
"2023-09-27 17:00:00",27.1,74,0,0,0,1,1011.5,18,24140,-0,1.1,72,Jakarta
"2023-09-27 18:00:00",26.9,76,0,0,0,1,1011.3,18,24140,-0,1,135,Jakarta
"2023-09-27 19:00:00",26.7,75,0,0,0,1,1010.7,15,24140,-0,1.5,166,Jakarta
"2023-09-27 20:00:00",26.5,76,0,0,0,0,1010.3,4,24140,-0,1.8,191,Jakarta
"2023-09-27 21:00:00",26.4,75,0,0,0,0,1010.1,4,24140,-0,2.7,203,Jakarta
"2023-09-27 22:00:00",25.8,77,0,0,0,0,1010.2,1,24140,0.01,3,194,Jakarta
"2023-09-27 23:00:00",25.3,79,0,0,0,0,1010.5,0,24140,0.01,3,194,Jakarta
"2023-09-27 00:00:00",26.2,89,0,0,0,0,1007.1,0,24140,0.01,3.3,311,Karachi
"2023-09-27 01:00:00",25.9,89,0,0,0,0,1006.9,0,24140,0.01,4.1,315,Karachi
"2023-09-27 02:00:00",25.8,88,0,0,0,0,1007.1,0,24140,0.01,4.8,312,Karachi
"2023-09-27 03:00:00",25.7,88,0,0,0,0,1007.2,0,24140,0.01,4.3,312,Karachi
"2023-09-27 04:00:00",25.7,88,0,0,0,0,1007.8,0,24140,0.01,3.1,306,Karachi
"2023-09-27 05:00:00",26.8,82,0,0,0,0,1008.6,0,24140,0.02,3.1,306,Karachi
"2023-09-27 06:00:00",28.8,69,0,0,0,0,1009.1,0,24140,0.04,3.1,291,Karachi
"2023-09-27 07:00:00",31.4,56,0,0,0,0,1009.1,0,24140,0.07,3.8,253,Karachi
"2023-09-27 08:00:00",33.4,49,0,0,0,0,1008.5,0,24140,0.09,7.1,240,Karachi
"2023-09-27 09:00:00",34.6,47,0,0,0,0,1007.7,0,24140,0.11,10.5,239,Karachi
"2023-09-27 10:00:00",34.6,49,0,0,0,0,1006.9,4,24140,0.11,14.3,242,Karachi
"2023-09-27 11:00:00",34.3,48,0,0,0,0,1006.1,0,24140,0.1,15.6,247,Karachi
"2023-09-27 12:00:00",34.1,47,0,0,0,0,1005.5,0,24140,0.09,16.4,251,Karachi
"2023-09-27 13:00:00",33.3,50,0,0,0,0,1005.2,0,24140,0.08,17.5,251,Karachi
"2023-09-27 14:00:00",32,56,0,0,0,0,1005,0,24140,0.06,17.5,251,Karachi
"2023-09-27 15:00:00",30.4,65,0,0,0,0,1005.1,0,24140,0.04,14.5,256,Karachi
"2023-09-27 16:00:00",29.3,71,0,0,0,0,1005.5,0,24140,0.03,11.7,261,Karachi
"2023-09-27 17:00:00",28.6,77,0,0,0,0,1006.2,0,24140,0.02,10.2,262,Karachi
"2023-09-27 18:00:00",28.2,80,0,0,0,0,1007,0,24140,0.02,8.4,263,Karachi
"2023-09-27 19:00:00",27.9,83,0,0,0,0,1007.3,0,24140,0.01,6.2,263,Karachi
"2023-09-27 20:00:00",27.7,84,0,0,0,1,1007.4,13,24140,0.01,5,270,Karachi
"2023-09-27 21:00:00",27.4,86,0,0,0,1,1007.1,6,24140,0.01,7.5,287,Karachi
"2023-09-27 22:00:00",27.1,87,0,0,0,1,1006.7,39,24140,0.01,8.9,297,Karachi
"2023-09-27 23:00:00",27,89,0,0,0,2,1006.1,81,24140,0.01,7.4,293,Karachi
"2023-09-27 00:00:00",29.8,14,0,0,0,1,943.1,13,24140,-0,2.9,240,Riyadh
"2023-09-27 01:00:00",29.4,17,0,0,0,1,943.5,30,24140,-0,3.1,324,Riyadh
"2023-09-27 02:00:00",28.9,17,0,0,0,0,944,4,24140,-0,2.7,337,Riyadh
"2023-09-27 03:00:00",28.4,18,0,0,0,1,944.1,31,24140,-0,2.9,330,Riyadh
"2023-09-27 04:00:00",28.2,18,0,0,0,1,944.5,31,24140,-0,2.6,344,Riyadh
"2023-09-27 05:00:00",28,19,0,0,0,0,944.7,0,24140,-0,2.1,329,Riyadh
"2023-09-27 06:00:00",28.5,20,0,0,0,0,945.7,0,24140,-0,2.6,304,Riyadh
"2023-09-27 07:00:00",31,16,0,0,0,0,946.7,0,24140,0.01,0.8,333,Riyadh
"2023-09-27 08:00:00",33.9,15,0,0,0,0,947.7,0,24140,0.02,3.4,122,Riyadh
"2023-09-27 09:00:00",35.9,15,0,0,0,0,947.4,0,24140,0.02,7.1,139,Riyadh
"2023-09-27 10:00:00",37.5,14,0,0,0,0,946.8,0,24140,0.02,8.9,140,Riyadh
"2023-09-27 11:00:00",38.8,13,0,0,0,0,945.9,0,24140,0.02,9.4,140,Riyadh
"2023-09-27 12:00:00",39.7,12,0,0,0,0,945.6,0,24140,0.02,8.4,133,Riyadh
"2023-09-27 13:00:00",40.2,11,0,0,0,0,945.1,0,24140,0.02,7.3,110,Riyadh
"2023-09-27 14:00:00",40.2,11,0,0,0,0,944.8,0,24140,0.02,7.9,90,Riyadh
"2023-09-27 15:00:00",39.7,11,0,0,0,0,944.6,0,24140,0.01,8.7,83,Riyadh
"2023-09-27 16:00:00",38.8,12,0,0,0,0,944.5,5,24140,0.01,8.3,92,Riyadh
"2023-09-27 17:00:00",36.6,14,0,0,0,1,944.8,29,24140,0.01,4.4,125,Riyadh
"2023-09-27 18:00:00",35.4,17,0,0,0,1,945.7,32,24140,-0,1.5,14,Riyadh
"2023-09-27 19:00:00",33.7,16,0,0,0,1,946.5,40,24140,-0,4.8,333,Riyadh
"2023-09-27 20:00:00",31.3,15,0,0,0,1,946.7,38,24140,0.01,5.2,326,Riyadh
"2023-09-27 21:00:00",30.4,14,0,0,0,0,946.4,0,24140,0.01,5.3,332,Riyadh
"2023-09-27 22:00:00",29.3,14,0,0,0,0,946.2,0,24140,0.01,5.8,330,Riyadh
"2023-09-27 23:00:00",28.2,14,0,0,0,0,945.9,0,24140,0.01,5.9,322,Riyadh
"2023-09-27 00:00:00",24.5,89,0,0,0,3,1008.3,100,24140,0.02,1.9,158,Manila
"2023-09-27 01:00:00",24.9,86,0,0,0,3,1008.7,100,24140,0.03,2.9,97,Manila
"2023-09-27 02:00:00",26.2,81,0,0,0,3,1009.1,89,24140,0.08,2.2,81,Manila
"2023-09-27 03:00:00",27.9,75,0,0,0,2,1009.2,81,24140,0.17,2.3,321,Manila
"2023-09-27 04:00:00",29.7,68,0,0,0,3,1008.8,89,24140,0.24,5.4,307,Manila
"2023-09-27 05:00:00",30.8,64,0,0,0,3,1008.2,97,24140,0.28,6.2,291,Manila
"2023-09-27 06:00:00",31.6,63,0.1,0,0,2,1007.4,67,24140,0.34,5.8,274,Manila
"2023-09-27 07:00:00",31.5,63,0,0,0,2,1006.7,78,24140,0.32,5.8,266,Manila
"2023-09-27 08:00:00",31,65,0.5,0,0,80,1006.2,100,24140,0.29,6.3,257,Manila
"2023-09-27 09:00:00",31.1,64,0.1,0,0,3,1005.7,100,24140,0.26,7.1,240,Manila
"2023-09-27 10:00:00",30.5,66,0.4,0,0,80,1005.8,100,24140,0.22,6.9,242,Manila
"2023-09-27 11:00:00",29.8,69,0,0,0,3,1006.3,100,24140,0.13,5.3,242,Manila
"2023-09-27 12:00:00",28.6,75,0.8,0,0,95,1006.9,100,24140,0.07,1.8,233,Manila
"2023-09-27 13:00:00",27.9,78,0.6,0,0,80,1007.7,100,14620,0.04,1.5,135,Manila
"2023-09-27 14:00:00",27.7,80,0,0,0,3,1008.2,100,7000,0.03,1.4,90,Manila
"2023-09-27 15:00:00",27.4,83,0,0,0,3,1008.9,100,10260,0.02,1.5,45,Manila
"2023-09-27 16:00:00",26.9,85,0.1,0,0,3,1009.1,100,16820,0.02,2,45,Manila
"2023-09-27 17:00:00",26.5,87,0,0,0,3,1009.2,100,24140,0.02,2.3,51,Manila
"2023-09-27 18:00:00",26.2,89,0,0,0,3,1008.7,100,21020,0.01,2.3,51,Manila
"2023-09-27 19:00:00",26,90,0,0,0,3,1008.1,100,9000,0.01,2.3,39,Manila
"2023-09-27 20:00:00",25.8,91,0,0,0,2,1007.7,63,15800,0.01,1.8,11,Manila
"2023-09-27 21:00:00",25.7,91,0,0,0,2,1007.6,73,21340,0.01,1.5,14,Manila
"2023-09-27 22:00:00",25.7,91,0,0,0,2,1007.7,65,24140,0.01,1.8,37,Manila
"2023-09-27 23:00:00",25.3,93,0,0,0,2,1007.9,56,21060,0.01,2.3,51,Manila
